country_region_code,country_region,sub_region_1,sub_region_2,metro_area,iso_3166_2_code,census_fips_code,place_id,date,retail_and_recreation_percent_change_from_baseline,grocery_and_pharmacy_percent_change_from_baseline,parks_percent_change_from_baseline,transit_stations_percent_change_from_baseline,workplaces_percent_change_from_baseline,residential_percent_change_from_baseline
LA,Laos,,,,,,ChIJiUWCsFeQFDERgc2ZH0iSxQ4,2021-01-01,-18,-4,13,-31,-64,10
LA,Laos,,,,,,ChIJiUWCsFeQFDERgc2ZH0iSxQ4,2021-01-02,-19,2,-6,-29,-30,8
LA,Laos,,,,,,ChIJiUWCsFeQFDERgc2ZH0iSxQ4,2021-01-03,-14,4,-13,-16,-15,7
LA,Laos,,,,,,ChIJiUWCsFeQFDERgc2ZH0iSxQ4,2021-01-04,-11,5,-22,-19,-2,7
LA,Laos,,,,,,ChIJiUWCsFeQFDERgc2ZH0iSxQ4,2021-01-05,-12,5,-22,-23,-2,7
LA,Laos,,,,,,ChIJiUWCsFeQFDERgc2ZH0iSxQ4,2021-01-06,-14,-1,-22,-24,-1,7
LA,Laos,,,,,,ChIJiUWCsFeQFDERgc2ZH0iSxQ4,2021-01-07,-12,0,-21,-28,-1,7
LA,Laos,,,,,,ChIJiUWCsFeQFDERgc2ZH0iSxQ4,2021-01-08,-10,-2,-22,-29,5,7
LA,Laos,,,,,,ChIJiUWCsFeQFDERgc2ZH0iSxQ4,2021-01-09,-14,-2,-27,-31,-7,6
LA,Laos,,,,,,ChIJiUWCsFeQFDERgc2ZH0iSxQ4,2021-01-10,-12,1,-23,-29,-11,7
LA,Laos,,,,,,ChIJiUWCsFeQFDERgc2ZH0iSxQ4,2021-01-11,-12,-1,-26,-28,-2,6
LA,Laos,,,,,,ChIJiUWCsFeQFDERgc2ZH0iSxQ4,2021-01-12,-10,4,-23,-28,-3,6
LA,Laos,,,,,,ChIJiUWCsFeQFDERgc2ZH0iSxQ4,2021-01-13,-14,-4,-25,-27,-6,6
LA,Laos,,,,,,ChIJiUWCsFeQFDERgc2ZH0iSxQ4,2021-01-14,-15,-8,-28,-36,-9,4
LA,Laos,,,,,,ChIJiUWCsFeQFDERgc2ZH0iSxQ4,2021-01-15,-17,-12,-30,-39,-6,5
LA,Laos,,,,,,ChIJiUWCsFeQFDERgc2ZH0iSxQ4,2021-01-16,-20,-14,-36,-42,-17,4
LA,Laos,,,,,,ChIJiUWCsFeQFDERgc2ZH0iSxQ4,2021-01-17,-20,-12,-32,-38,-20,6
LA,Laos,,,,,,ChIJiUWCsFeQFDERgc2ZH0iSxQ4,2021-01-18,-17,-10,-34,-36,-11,6
LA,Laos,,,,,,ChIJiUWCsFeQFDERgc2ZH0iSxQ4,2021-01-19,-16,-8,-32,-35,-13,5
LA,Laos,,,,,,ChIJiUWCsFeQFDERgc2ZH0iSxQ4,2021-01-20,-17,-12,-31,-34,-13,5
LA,Laos,,,,,,ChIJiUWCsFeQFDERgc2ZH0iSxQ4,2021-01-21,-16,-11,-30,-34,-14,5
LA,Laos,,,,,,ChIJiUWCsFeQFDERgc2ZH0iSxQ4,2021-01-22,-15,-11,-28,-35,-10,6
LA,Laos,,,,,,ChIJiUWCsFeQFDERgc2ZH0iSxQ4,2021-01-23,-18,-8,-31,-38,-16,6
LA,Laos,,,,,,ChIJiUWCsFeQFDERgc2ZH0iSxQ4,2021-01-24,-15,-8,-28,-32,-17,5
LA,Laos,,,,,,ChIJiUWCsFeQFDERgc2ZH0iSxQ4,2021-01-25,-14,-8,-31,-33,-16,6
LA,Laos,,,,,,ChIJiUWCsFeQFDERgc2ZH0iSxQ4,2021-01-26,-14,-6,-30,-32,-17,5
LA,Laos,,,,,,ChIJiUWCsFeQFDERgc2ZH0iSxQ4,2021-01-27,-17,-11,-29,-33,-17,6
LA,Laos,,,,,,ChIJiUWCsFeQFDERgc2ZH0iSxQ4,2021-01-28,-14,-7,-27,-34,-18,5
LA,Laos,,,,,,ChIJiUWCsFeQFDERgc2ZH0iSxQ4,2021-01-29,-14,-8,-29,-35,-11,5
LA,Laos,,,,,,ChIJiUWCsFeQFDERgc2ZH0iSxQ4,2021-01-30,-17,-3,-33,-36,-14,4
LA,Laos,,,,,,ChIJiUWCsFeQFDERgc2ZH0iSxQ4,2021-01-31,-15,0,-32,-29,-17,4
LA,Laos,,,,,,ChIJiUWCsFeQFDERgc2ZH0iSxQ4,2021-02-01,-13,-1,-37,-32,-10,2
LA,Laos,,,,,,ChIJiUWCsFeQFDERgc2ZH0iSxQ4,2021-02-02,-13,1,-35,-33,-10,2
LA,Laos,,,,,,ChIJiUWCsFeQFDERgc2ZH0iSxQ4,2021-02-03,-16,-7,-36,-34,-9,4
LA,Laos,,,,,,ChIJiUWCsFeQFDERgc2ZH0iSxQ4,2021-02-04,-15,-6,-34,-35,-10,3
LA,Laos,,,,,,ChIJiUWCsFeQFDERgc2ZH0iSxQ4,2021-02-05,-12,-6,-32,-36,-4,4
LA,Laos,,,,,,ChIJiUWCsFeQFDERgc2ZH0iSxQ4,2021-02-06,-15,-4,-34,-36,-15,5
LA,Laos,,,,,,ChIJiUWCsFeQFDERgc2ZH0iSxQ4,2021-02-07,-14,-4,-29,-34,-18,5
LA,Laos,,,,,,ChIJiUWCsFeQFDERgc2ZH0iSxQ4,2021-02-08,-16,-7,-39,-35,-12,4
LA,Laos,,,,,,ChIJiUWCsFeQFDERgc2ZH0iSxQ4,2021-02-09,-20,-7,-38,-35,-17,6
LA,Laos,,,,,,ChIJiUWCsFeQFDERgc2ZH0iSxQ4,2021-02-10,-12,2,-33,-26,-12,3
LA,Laos,,,,,,ChIJiUWCsFeQFDERgc2ZH0iSxQ4,2021-02-11,-8,5,-31,-27,-15,1
LA,Laos,,,,,,ChIJiUWCsFeQFDERgc2ZH0iSxQ4,2021-02-12,-8,-4,-30,-30,-16,1
LA,Laos,,,,,,ChIJiUWCsFeQFDERgc2ZH0iSxQ4,2021-02-13,-11,2,-34,-32,-20,1
LA,Laos,,,,,,ChIJiUWCsFeQFDERgc2ZH0iSxQ4,2021-02-14,3,5,-27,-24,-23,-1
LA,Laos,,,,,,ChIJiUWCsFeQFDERgc2ZH0iSxQ4,2021-02-15,-10,0,-42,-29,-18,-1
LA,Laos,,,,,,ChIJiUWCsFeQFDERgc2ZH0iSxQ4,2021-02-16,-14,0,-43,-32,-17,1
LA,Laos,,,,,,ChIJiUWCsFeQFDERgc2ZH0iSxQ4,2021-02-17,-17,-6,-43,-33,-16,1
LA,Laos,,,,,,ChIJiUWCsFeQFDERgc2ZH0iSxQ4,2021-02-18,-15,-3,-40,-34,-15,1
LA,Laos,,,,,,ChIJiUWCsFeQFDERgc2ZH0iSxQ4,2021-02-19,-13,-4,-40,-36,-9,2
LA,Laos,,,,,,ChIJiUWCsFeQFDERgc2ZH0iSxQ4,2021-02-20,-16,-2,-41,-36,-15,3
LA,Laos,,,,,,ChIJiUWCsFeQFDERgc2ZH0iSxQ4,2021-02-21,-11,3,-38,-36,-18,1
LA,Laos,,,,,,ChIJiUWCsFeQFDERgc2ZH0iSxQ4,2021-02-22,-13,0,-43,-31,-15,0
LA,Laos,,,,,,ChIJiUWCsFeQFDERgc2ZH0iSxQ4,2021-02-23,-10,1,-41,-30,-15,0
LA,Laos,,,,,,ChIJiUWCsFeQFDERgc2ZH0iSxQ4,2021-02-24,-14,-6,-39,-31,-17,0
LA,Laos,,,,,,ChIJiUWCsFeQFDERgc2ZH0iSxQ4,2021-02-25,-10,-1,-37,-33,-15,0
LA,Laos,,,,,,ChIJiUWCsFeQFDERgc2ZH0iSxQ4,2021-02-26,-5,2,-28,-32,-12,1
LA,Laos,,,,,,ChIJiUWCsFeQFDERgc2ZH0iSxQ4,2021-02-27,-8,3,-31,-35,-19,0
LA,Laos,,,,,,ChIJiUWCsFeQFDERgc2ZH0iSxQ4,2021-02-28,-8,5,-34,-29,-22,2
LA,Laos,,,,,,ChIJiUWCsFeQFDERgc2ZH0iSxQ4,2021-03-01,-9,3,-43,-31,-14,0
LA,Laos,,,,,,ChIJiUWCsFeQFDERgc2ZH0iSxQ4,2021-03-02,-9,4,-41,-30,-14,0
LA,Laos,,,,,,ChIJiUWCsFeQFDERgc2ZH0iSxQ4,2021-03-03,-14,-2,-42,-31,-14,1
LA,Laos,,,,,,ChIJiUWCsFeQFDERgc2ZH0iSxQ4,2021-03-04,-10,1,-39,-32,-13,0
LA,Laos,,,,,,ChIJiUWCsFeQFDERgc2ZH0iSxQ4,2021-03-05,-8,0,-35,-29,-11,1
LA,Laos,,,,,,ChIJiUWCsFeQFDERgc2ZH0iSxQ4,2021-03-06,-10,4,-32,-30,-21,0
LA,Laos,,,,,,ChIJiUWCsFeQFDERgc2ZH0iSxQ4,2021-03-07,-9,2,-27,-28,-26,1
LA,Laos,,,,,,ChIJiUWCsFeQFDERgc2ZH0iSxQ4,2021-03-08,-3,2,-28,-21,-63,3
LA,Laos,,,,,,ChIJiUWCsFeQFDERgc2ZH0iSxQ4,2021-03-09,-9,3,-41,-29,-14,-2
LA,Laos,,,,,,ChIJiUWCsFeQFDERgc2ZH0iSxQ4,2021-03-10,-13,-1,-40,-32,-12,2
LA,Laos,,,,,,ChIJiUWCsFeQFDERgc2ZH0iSxQ4,2021-03-11,-11,-1,-37,-35,-13,1
LA,Laos,,,,,,ChIJiUWCsFeQFDERgc2ZH0iSxQ4,2021-03-12,-9,-2,-37,-35,-5,1
LA,Laos,,,,,,ChIJiUWCsFeQFDERgc2ZH0iSxQ4,2021-03-13,-11,3,-37,-36,-17,3
LA,Laos,,,,,,ChIJiUWCsFeQFDERgc2ZH0iSxQ4,2021-03-14,-9,4,-35,-30,-22,3
LA,Laos,,,,,,ChIJiUWCsFeQFDERgc2ZH0iSxQ4,2021-03-15,-10,3,-42,-34,-11,1
LA,Laos,,,,,,ChIJiUWCsFeQFDERgc2ZH0iSxQ4,2021-03-16,-9,2,-41,-32,-12,0
LA,Laos,,,,,,ChIJiUWCsFeQFDERgc2ZH0iSxQ4,2021-03-17,-13,-2,-40,-32,-11,2
LA,Laos,,,,,,ChIJiUWCsFeQFDERgc2ZH0iSxQ4,2021-03-18,-10,0,-39,-33,-10,0
LA,Laos,,,,,,ChIJiUWCsFeQFDERgc2ZH0iSxQ4,2021-03-19,-6,1,-35,-31,-4,0
LA,Laos,,,,,,ChIJiUWCsFeQFDERgc2ZH0iSxQ4,2021-03-20,-9,3,-33,-34,-16,1
LA,Laos,,,,,,ChIJiUWCsFeQFDERgc2ZH0iSxQ4,2021-03-21,-13,1,-34,-33,-20,2
LA,Laos,,,,,,ChIJiUWCsFeQFDERgc2ZH0iSxQ4,2021-03-22,-9,4,-41,-34,-11,0
LA,Laos,,,,,,ChIJiUWCsFeQFDERgc2ZH0iSxQ4,2021-03-23,-9,3,-41,-32,-11,0
LA,Laos,,,,,,ChIJiUWCsFeQFDERgc2ZH0iSxQ4,2021-03-24,-12,-2,-40,-32,-11,1
LA,Laos,,,,,,ChIJiUWCsFeQFDERgc2ZH0iSxQ4,2021-03-25,-8,0,-37,-33,-9,0
LA,Laos,,,,,,ChIJiUWCsFeQFDERgc2ZH0iSxQ4,2021-03-26,-5,0,-33,-32,-4,0
LA,Laos,,,,,,ChIJiUWCsFeQFDERgc2ZH0iSxQ4,2021-03-27,-9,4,-35,-35,-15,1
LA,Laos,,,,,,ChIJiUWCsFeQFDERgc2ZH0iSxQ4,2021-03-28,-8,5,-34,-34,-21,3
LA,Laos,,,,,,ChIJiUWCsFeQFDERgc2ZH0iSxQ4,2021-03-29,-10,2,-43,-34,-10,0
LA,Laos,,,,,,ChIJiUWCsFeQFDERgc2ZH0iSxQ4,2021-03-30,-7,4,-40,-32,-10,0
LA,Laos,,,,,,ChIJiUWCsFeQFDERgc2ZH0iSxQ4,2021-03-31,-8,1,-38,-31,-10,1
LA,Laos,,,,,,ChIJiUWCsFeQFDERgc2ZH0iSxQ4,2021-04-01,-5,4,-37,-31,-8,0
LA,Laos,,,,,,ChIJiUWCsFeQFDERgc2ZH0iSxQ4,2021-04-02,-5,2,-35,-34,-2,1
LA,Laos,,,,,,ChIJiUWCsFeQFDERgc2ZH0iSxQ4,2021-04-03,-7,5,-35,-35,-15,1
LA,Laos,,,,,,ChIJiUWCsFeQFDERgc2ZH0iSxQ4,2021-04-04,-18,-3,-41,-39,-25,7
LA,Laos,,,,,,ChIJiUWCsFeQFDERgc2ZH0iSxQ4,2021-04-05,-6,7,-41,-33,-11,1
LA,Laos,,,,,,ChIJiUWCsFeQFDERgc2ZH0iSxQ4,2021-04-06,-5,7,-40,-31,-12,1
LA,Laos,,,,,,ChIJiUWCsFeQFDERgc2ZH0iSxQ4,2021-04-07,-5,6,-38,-28,-11,0
LA,Laos,,,,,,ChIJiUWCsFeQFDERgc2ZH0iSxQ4,2021-04-08,-1,9,-35,-24,-9,-1
LA,Laos,,,,,,ChIJiUWCsFeQFDERgc2ZH0iSxQ4,2021-04-09,2,10,-33,-18,-7,0
LA,Laos,,,,,,ChIJiUWCsFeQFDERgc2ZH0iSxQ4,2021-04-10,-2,15,-34,-13,-14,-1
LA,Laos,,,,,,ChIJiUWCsFeQFDERgc2ZH0iSxQ4,2021-04-11,1,20,-28,-13,-21,1
LA,Laos,,,,,,ChIJiUWCsFeQFDERgc2ZH0iSxQ4,2021-04-12,2,20,-26,-9,-34,-1
LA,Laos,,,,,,ChIJiUWCsFeQFDERgc2ZH0iSxQ4,2021-04-13,-6,20,-20,-7,-49,1
LA,Laos,,,,,,ChIJiUWCsFeQFDERgc2ZH0iSxQ4,2021-04-14,-22,3,-14,-21,-73,4
LA,Laos,,,,,,ChIJiUWCsFeQFDERgc2ZH0iSxQ4,2021-04-15,-22,-1,-11,-35,-74,4
LA,Laos,,,,,,ChIJiUWCsFeQFDERgc2ZH0iSxQ4,2021-04-16,-31,-13,-22,-42,-71,7
LA,Laos,,,,,,ChIJiUWCsFeQFDERgc2ZH0iSxQ4,2021-04-17,-32,-9,-35,-35,-46,4
LA,Laos,,,,,,ChIJiUWCsFeQFDERgc2ZH0iSxQ4,2021-04-18,-28,-5,-41,-18,-31,6
LA,Laos,,,,,,ChIJiUWCsFeQFDERgc2ZH0iSxQ4,2021-04-19,-14,5,-44,-24,-17,2
LA,Laos,,,,,,ChIJiUWCsFeQFDERgc2ZH0iSxQ4,2021-04-20,-18,5,-44,-28,-15,3
LA,Laos,,,,,,ChIJiUWCsFeQFDERgc2ZH0iSxQ4,2021-04-21,-27,-1,-44,-32,-18,7
LA,Laos,,,,,,ChIJiUWCsFeQFDERgc2ZH0iSxQ4,2021-04-22,-37,-14,-45,-47,-30,12
LA,Laos,,,,,,ChIJiUWCsFeQFDERgc2ZH0iSxQ4,2021-04-23,-45,-23,-48,-59,-33,18
LA,Laos,,,,,,ChIJiUWCsFeQFDERgc2ZH0iSxQ4,2021-04-24,-55,-32,-54,-67,-35,20
LA,Laos,,,,,,ChIJiUWCsFeQFDERgc2ZH0iSxQ4,2021-04-25,-59,-37,-54,-71,-40,23
LA,Laos,,,,,,ChIJiUWCsFeQFDERgc2ZH0iSxQ4,2021-04-26,-58,-36,-55,-70,-54,22
LA,Laos,,,,,,ChIJiUWCsFeQFDERgc2ZH0iSxQ4,2021-04-27,-61,-38,-56,-72,-59,23
LA,Laos,,,,,,ChIJiUWCsFeQFDERgc2ZH0iSxQ4,2021-04-28,-64,-44,-58,-75,-60,26
LA,Laos,,,,,,ChIJiUWCsFeQFDERgc2ZH0iSxQ4,2021-04-29,-64,-45,-57,-75,-61,27
LA,Laos,,,,,,ChIJiUWCsFeQFDERgc2ZH0iSxQ4,2021-04-30,-62,-41,-57,-76,-56,28
LA,Laos,,,,,,ChIJiUWCsFeQFDERgc2ZH0iSxQ4,2021-05-01,-65,-43,-60,-77,-55,26
LA,Laos,,,,,,ChIJiUWCsFeQFDERgc2ZH0iSxQ4,2021-05-02,-62,-40,-57,-76,-46,25
LA,Laos,,,,,,ChIJiUWCsFeQFDERgc2ZH0iSxQ4,2021-05-03,-59,-37,-57,-75,-70,27
LA,Laos,,,,,,ChIJiUWCsFeQFDERgc2ZH0iSxQ4,2021-05-04,-55,-30,-55,-68,-58,22
LA,Laos,,,,,,ChIJiUWCsFeQFDERgc2ZH0iSxQ4,2021-05-05,-56,-34,-54,-71,-56,22
LA,Laos,,,,,,ChIJiUWCsFeQFDERgc2ZH0iSxQ4,2021-05-06,-53,-31,-50,-69,-54,20
LA,Laos,,,,,,ChIJiUWCsFeQFDERgc2ZH0iSxQ4,2021-05-07,-53,-32,-52,-70,-49,23
LA,Laos,,,,,,ChIJiUWCsFeQFDERgc2ZH0iSxQ4,2021-05-08,-56,-32,-56,-71,-41,20
LA,Laos,,,,,,ChIJiUWCsFeQFDERgc2ZH0iSxQ4,2021-05-09,-54,-31,-53,-70,-40,20
LA,Laos,,,,,,ChIJiUWCsFeQFDERgc2ZH0iSxQ4,2021-05-10,-47,-24,-52,-66,-51,19
LA,Laos,,,,,,ChIJiUWCsFeQFDERgc2ZH0iSxQ4,2021-05-11,-47,-22,-52,-65,-51,18
LA,Laos,,,,,,ChIJiUWCsFeQFDERgc2ZH0iSxQ4,2021-05-12,-49,-25,-50,-63,-51,18
LA,Laos,,,,,,ChIJiUWCsFeQFDERgc2ZH0iSxQ4,2021-05-13,-50,-28,-51,-64,-50,18
LA,Laos,,,,,,ChIJiUWCsFeQFDERgc2ZH0iSxQ4,2021-05-14,-50,-29,-51,-67,-45,21
LA,Laos,,,,,,ChIJiUWCsFeQFDERgc2ZH0iSxQ4,2021-05-15,-52,-27,-54,-68,-36,18
LA,Laos,,,,,,ChIJiUWCsFeQFDERgc2ZH0iSxQ4,2021-05-16,-51,-27,-51,-68,-37,18
LA,Laos,,,,,,ChIJiUWCsFeQFDERgc2ZH0iSxQ4,2021-05-17,-45,-21,-51,-63,-47,18
LA,Laos,,,,,,ChIJiUWCsFeQFDERgc2ZH0iSxQ4,2021-05-18,-46,-20,-50,-61,-48,16
LA,Laos,,,,,,ChIJiUWCsFeQFDERgc2ZH0iSxQ4,2021-05-19,-48,-24,-49,-63,-48,18
LA,Laos,,,,,,ChIJiUWCsFeQFDERgc2ZH0iSxQ4,2021-05-20,-46,-22,-44,-61,-45,16
LA,Laos,,,,,,ChIJiUWCsFeQFDERgc2ZH0iSxQ4,2021-05-21,-45,-21,-42,-63,-38,18
LA,Laos,,,,,,ChIJiUWCsFeQFDERgc2ZH0iSxQ4,2021-05-22,-48,-20,-46,-63,-30,15
LA,Laos,,,,,,ChIJiUWCsFeQFDERgc2ZH0iSxQ4,2021-05-23,-47,-22,-43,-63,-33,14
LA,Laos,,,,,,ChIJiUWCsFeQFDERgc2ZH0iSxQ4,2021-05-24,-42,-18,-45,-60,-40,13
LA,Laos,,,,,,ChIJiUWCsFeQFDERgc2ZH0iSxQ4,2021-05-25,-40,-13,-42,-57,-41,13
LA,Laos,,,,,,ChIJiUWCsFeQFDERgc2ZH0iSxQ4,2021-05-26,-42,-16,-40,-58,-42,14
LA,Laos,,,,,,ChIJiUWCsFeQFDERgc2ZH0iSxQ4,2021-05-27,-40,-16,-39,-56,-38,13
LA,Laos,,,,,,ChIJiUWCsFeQFDERgc2ZH0iSxQ4,2021-05-28,-38,-15,-38,-57,-32,14
LA,Laos,,,,,,ChIJiUWCsFeQFDERgc2ZH0iSxQ4,2021-05-29,-42,-14,-42,-58,-28,12
LA,Laos,,,,,,ChIJiUWCsFeQFDERgc2ZH0iSxQ4,2021-05-30,-40,-15,-39,-56,-32,11
LA,Laos,,,,,,ChIJiUWCsFeQFDERgc2ZH0iSxQ4,2021-05-31,-31,-5,-39,-50,-37,10
LA,Laos,,,,,,ChIJiUWCsFeQFDERgc2ZH0iSxQ4,2021-06-01,-31,-4,-36,-50,-43,9
LA,Laos,,,,,,ChIJiUWCsFeQFDERgc2ZH0iSxQ4,2021-06-02,-35,-10,-38,-52,-38,10
LA,Laos,,,,,,ChIJiUWCsFeQFDERgc2ZH0iSxQ4,2021-06-03,-33,-8,-36,-50,-36,11
LA,Laos,,,,,,ChIJiUWCsFeQFDERgc2ZH0iSxQ4,2021-06-04,-34,-11,-37,-53,-30,12
LA,Laos,,,,,,ChIJiUWCsFeQFDERgc2ZH0iSxQ4,2021-06-05,-39,-12,-41,-55,-26,10
LA,Laos,,,,,,ChIJiUWCsFeQFDERgc2ZH0iSxQ4,2021-06-06,-33,-7,-36,-53,-30,9
LA,Laos,,,,,,ChIJiUWCsFeQFDERgc2ZH0iSxQ4,2021-06-07,-29,-5,-38,-50,-34,8
LA,Laos,,,,,,ChIJiUWCsFeQFDERgc2ZH0iSxQ4,2021-06-08,-32,-7,-39,-50,-36,10
LA,Laos,,,,,,ChIJiUWCsFeQFDERgc2ZH0iSxQ4,2021-06-09,-32,-6,-36,-50,-34,9
LA,Laos,,,,,,ChIJiUWCsFeQFDERgc2ZH0iSxQ4,2021-06-10,-31,-8,-35,-51,-32,9
LA,Laos,,,,,,ChIJiUWCsFeQFDERgc2ZH0iSxQ4,2021-06-11,-30,-8,-35,-52,-26,10
LA,Laos,,,,,,ChIJiUWCsFeQFDERgc2ZH0iSxQ4,2021-06-12,-38,-12,-42,-55,-26,10
LA,Laos,,,,,,ChIJiUWCsFeQFDERgc2ZH0iSxQ4,2021-06-13,-47,-26,-46,-62,-37,15
LA,Laos,,,,,,ChIJiUWCsFeQFDERgc2ZH0iSxQ4,2021-06-14,-26,0,-38,-48,-33,7
LA,Laos,,,,,,ChIJiUWCsFeQFDERgc2ZH0iSxQ4,2021-06-15,-24,-1,-33,-46,-32,6
LA,Laos,,,,,,ChIJiUWCsFeQFDERgc2ZH0iSxQ4,2021-06-16,-27,-6,-33,-48,-32,6
LA,Laos,,,,,,ChIJiUWCsFeQFDERgc2ZH0iSxQ4,2021-06-17,-25,-4,-32,-49,-30,5
LA,Laos,,,,,,ChIJiUWCsFeQFDERgc2ZH0iSxQ4,2021-06-18,-25,-7,-34,-51,-25,7
LA,Laos,,,,,,ChIJiUWCsFeQFDERgc2ZH0iSxQ4,2021-06-19,-31,-7,-38,-55,-24,6
LA,Laos,,,,,,ChIJiUWCsFeQFDERgc2ZH0iSxQ4,2021-06-20,-30,-9,-36,-54,-29,6
LA,Laos,,,,,,ChIJiUWCsFeQFDERgc2ZH0iSxQ4,2021-06-21,-21,-1,-37,-49,-31,4
LA,Laos,,,,,,ChIJiUWCsFeQFDERgc2ZH0iSxQ4,2021-06-22,-21,-1,-35,-48,-31,3
LA,Laos,,,,,,ChIJiUWCsFeQFDERgc2ZH0iSxQ4,2021-06-23,-24,-5,-33,-49,-31,4
LA,Laos,,,,,,ChIJiUWCsFeQFDERgc2ZH0iSxQ4,2021-06-24,-24,-5,-32,-48,-30,5
LA,Laos,,,,,,ChIJiUWCsFeQFDERgc2ZH0iSxQ4,2021-06-25,-23,-6,-34,-50,-24,6
LA,Laos,,,,,,ChIJiUWCsFeQFDERgc2ZH0iSxQ4,2021-06-26,-29,-6,-37,-56,-23,6
LA,Laos,,,,,,ChIJiUWCsFeQFDERgc2ZH0iSxQ4,2021-06-27,-29,-8,-35,-52,-29,6
LA,Laos,,,,,,ChIJiUWCsFeQFDERgc2ZH0iSxQ4,2021-06-28,-23,-3,-38,-50,-31,5
LA,Laos,,,,,,ChIJiUWCsFeQFDERgc2ZH0iSxQ4,2021-06-29,-19,1,-36,-50,-30,4
LA,Laos,,,,,,ChIJiUWCsFeQFDERgc2ZH0iSxQ4,2021-06-30,-26,-8,-37,-48,-31,5
LA,Laos,,,,,,ChIJiUWCsFeQFDERgc2ZH0iSxQ4,2021-07-01,-18,1,-30,-47,-28,4
LA,Laos,,,,,,ChIJiUWCsFeQFDERgc2ZH0iSxQ4,2021-07-02,-18,-1,-32,-47,-22,6
LA,Laos,,,,,,ChIJiUWCsFeQFDERgc2ZH0iSxQ4,2021-07-03,-24,0,-36,-53,-21,6
LA,Laos,,,,,,ChIJiUWCsFeQFDERgc2ZH0iSxQ4,2021-07-04,-22,-1,-33,-51,-28,6
LA,Laos,,,,,,ChIJiUWCsFeQFDERgc2ZH0iSxQ4,2021-07-05,-14,5,-35,-44,-28,3
LA,Laos,,,,,,ChIJiUWCsFeQFDERgc2ZH0iSxQ4,2021-07-06,-16,3,-35,-46,-30,3
LA,Laos,,,,,,ChIJiUWCsFeQFDERgc2ZH0iSxQ4,2021-07-07,-22,-4,-34,-45,-29,5
LA,Laos,,,,,,ChIJiUWCsFeQFDERgc2ZH0iSxQ4,2021-07-08,-20,-1,-32,-48,-28,6
LA,Laos,,,,,,ChIJiUWCsFeQFDERgc2ZH0iSxQ4,2021-07-09,-19,-1,-33,-46,-23,7
LA,Laos,,,,,,ChIJiUWCsFeQFDERgc2ZH0iSxQ4,2021-07-10,-25,-1,-37,-51,-21,5
LA,Laos,,,,,,ChIJiUWCsFeQFDERgc2ZH0iSxQ4,2021-07-11,-23,-2,-34,-49,-27,5
LA,Laos,,,,,,ChIJiUWCsFeQFDERgc2ZH0iSxQ4,2021-07-12,-14,6,-35,-44,-30,3
LA,Laos,,,,,,ChIJiUWCsFeQFDERgc2ZH0iSxQ4,2021-07-13,-14,5,-34,-42,-29,3
LA,Laos,,,,,,ChIJiUWCsFeQFDERgc2ZH0iSxQ4,2021-07-14,-18,0,-34,-43,-28,4
LA,Laos,,,,,,ChIJiUWCsFeQFDERgc2ZH0iSxQ4,2021-07-15,-15,2,-31,-43,-27,3
LA,Laos,,,,,,ChIJiUWCsFeQFDERgc2ZH0iSxQ4,2021-07-16,-16,1,-31,-42,-21,5
LA,Laos,,,,,,ChIJiUWCsFeQFDERgc2ZH0iSxQ4,2021-07-17,-23,2,-36,-51,-20,4
LA,Laos,,,,,,ChIJiUWCsFeQFDERgc2ZH0iSxQ4,2021-07-18,-22,-1,-34,-50,-27,5
LA,Laos,,,,,,ChIJiUWCsFeQFDERgc2ZH0iSxQ4,2021-07-19,-16,3,-36,-46,-29,4
LA,Laos,,,,,,ChIJiUWCsFeQFDERgc2ZH0iSxQ4,2021-07-20,-18,3,-34,-46,-48,7
LA,Laos,,,,,,ChIJiUWCsFeQFDERgc2ZH0iSxQ4,2021-07-21,-18,2,-32,-43,-28,4
LA,Laos,,,,,,ChIJiUWCsFeQFDERgc2ZH0iSxQ4,2021-07-22,-16,4,-30,-41,-26,3
LA,Laos,,,,,,ChIJiUWCsFeQFDERgc2ZH0iSxQ4,2021-07-23,-16,10,-32,-45,-21,5
LA,Laos,,,,,,ChIJiUWCsFeQFDERgc2ZH0iSxQ4,2021-07-24,-29,-10,-36,-57,-37,7
LA,Laos,,,,,,ChIJiUWCsFeQFDERgc2ZH0iSxQ4,2021-07-25,-24,-4,-35,-52,-28,7
LA,Laos,,,,,,ChIJiUWCsFeQFDERgc2ZH0iSxQ4,2021-07-26,-15,5,-36,-45,-28,5
LA,Laos,,,,,,ChIJiUWCsFeQFDERgc2ZH0iSxQ4,2021-07-27,-13,7,-33,-42,-26,3
LA,Laos,,,,,,ChIJiUWCsFeQFDERgc2ZH0iSxQ4,2021-07-28,-18,0,-33,-43,-27,4
LA,Laos,,,,,,ChIJiUWCsFeQFDERgc2ZH0iSxQ4,2021-07-29,-15,2,-31,-42,-23,4
LA,Laos,,,,,,ChIJiUWCsFeQFDERgc2ZH0iSxQ4,2021-07-30,-12,2,-31,-43,-17,5
LA,Laos,,,,,,ChIJiUWCsFeQFDERgc2ZH0iSxQ4,2021-07-31,-21,3,-36,-49,-18,5
LA,Laos,,,,,,ChIJiUWCsFeQFDERgc2ZH0iSxQ4,2021-08-01,-18,2,-34,-46,-25,5
LA,Laos,,,,,,ChIJiUWCsFeQFDERgc2ZH0iSxQ4,2021-08-02,-11,9,-37,-42,-27,3
LA,Laos,,,,,,ChIJiUWCsFeQFDERgc2ZH0iSxQ4,2021-08-03,-14,6,-35,-41,-28,4
LA,Laos,,,,,,ChIJiUWCsFeQFDERgc2ZH0iSxQ4,2021-08-04,-15,3,-34,-41,-27,4
LA,Laos,,,,,,ChIJiUWCsFeQFDERgc2ZH0iSxQ4,2021-08-05,-12,4,-32,-41,-25,3
LA,Laos,,,,,,ChIJiUWCsFeQFDERgc2ZH0iSxQ4,2021-08-06,-14,0,-33,-44,-20,5
LA,Laos,,,,,,ChIJiUWCsFeQFDERgc2ZH0iSxQ4,2021-08-07,-19,3,-36,-47,-19,4
LA,Laos,,,,,,ChIJiUWCsFeQFDERgc2ZH0iSxQ4,2021-08-08,-17,1,-33,-47,-27,6
LA,Laos,,,,,,ChIJiUWCsFeQFDERgc2ZH0iSxQ4,2021-08-09,-12,6,-35,-41,-28,3
LA,Laos,,,,,,ChIJiUWCsFeQFDERgc2ZH0iSxQ4,2021-08-10,-14,4,-36,-42,-29,4
LA,Laos,,,,,,ChIJiUWCsFeQFDERgc2ZH0iSxQ4,2021-08-11,-19,-4,-36,-43,-29,5
LA,Laos,,,,,,ChIJiUWCsFeQFDERgc2ZH0iSxQ4,2021-08-12,-18,-2,-33,-41,-28,5
LA,Laos,,,,,,ChIJiUWCsFeQFDERgc2ZH0iSxQ4,2021-08-13,-19,-6,-36,-46,-24,8
LA,Laos,,,,,,ChIJiUWCsFeQFDERgc2ZH0iSxQ4,2021-08-14,-26,-5,-40,-52,-21,8
LA,Laos,,,,,,ChIJiUWCsFeQFDERgc2ZH0iSxQ4,2021-08-15,-29,-10,-39,-51,-30,10
LA,Laos,,,,,,ChIJiUWCsFeQFDERgc2ZH0iSxQ4,2021-08-16,-19,-1,-39,-44,-30,7
LA,Laos,,,,,,ChIJiUWCsFeQFDERgc2ZH0iSxQ4,2021-08-17,-17,1,-36,-43,-30,6
LA,Laos,,,,,,ChIJiUWCsFeQFDERgc2ZH0iSxQ4,2021-08-18,-21,-5,-36,-44,-28,7
LA,Laos,,,,,,ChIJiUWCsFeQFDERgc2ZH0iSxQ4,2021-08-19,-21,-6,-35,-45,-27,6
LA,Laos,,,,,,ChIJiUWCsFeQFDERgc2ZH0iSxQ4,2021-08-20,-19,-6,-34,-46,-22,8
LA,Laos,,,,,,ChIJiUWCsFeQFDERgc2ZH0iSxQ4,2021-08-21,-25,-4,-37,-51,-21,6
LA,Laos,,,,,,ChIJiUWCsFeQFDERgc2ZH0iSxQ4,2021-08-22,-23,-5,-36,-48,-26,7
LA,Laos,,,,,,ChIJiUWCsFeQFDERgc2ZH0iSxQ4,2021-08-23,-16,1,-36,-44,-29,5
LA,Laos,,,,,,ChIJiUWCsFeQFDERgc2ZH0iSxQ4,2021-08-24,-17,0,-35,-43,-28,4
LA,Laos,,,,,,ChIJiUWCsFeQFDERgc2ZH0iSxQ4,2021-08-25,-22,-4,-35,-43,-28,6
LA,Laos,,,,,,ChIJiUWCsFeQFDERgc2ZH0iSxQ4,2021-08-26,-21,-4,-34,-43,-27,6
LA,Laos,,,,,,ChIJiUWCsFeQFDERgc2ZH0iSxQ4,2021-08-27,-22,-6,-36,-51,-21,8
LA,Laos,,,,,,ChIJiUWCsFeQFDERgc2ZH0iSxQ4,2021-08-28,-28,-4,-40,-56,-21,8
LA,Laos,,,,,,ChIJiUWCsFeQFDERgc2ZH0iSxQ4,2021-08-29,-28,-7,-38,-54,-27,9
LA,Laos,,,,,,ChIJiUWCsFeQFDERgc2ZH0iSxQ4,2021-08-30,-21,1,-39,-49,-29,7
LA,Laos,,,,,,ChIJiUWCsFeQFDERgc2ZH0iSxQ4,2021-08-31,-24,-1,-39,-50,-30,7
LA,Laos,,,,,,ChIJiUWCsFeQFDERgc2ZH0iSxQ4,2021-09-01,-27,-5,-36,-50,-31,7
LA,Laos,,,,,,ChIJiUWCsFeQFDERgc2ZH0iSxQ4,2021-09-02,-25,-4,-35,-52,-30,8
LA,Laos,,,,,,ChIJiUWCsFeQFDERgc2ZH0iSxQ4,2021-09-03,-27,-7,-37,-54,-24,11
LA,Laos,,,,,,ChIJiUWCsFeQFDERgc2ZH0iSxQ4,2021-09-04,-31,-3,-41,-58,-23,10
LA,Laos,,,,,,ChIJiUWCsFeQFDERgc2ZH0iSxQ4,2021-09-05,-32,0,-40,-59,-31,12
LA,Laos,,,,,,ChIJiUWCsFeQFDERgc2ZH0iSxQ4,2021-09-06,-25,-5,-36,-52,-38,8
LA,Laos,,,,,,ChIJiUWCsFeQFDERgc2ZH0iSxQ4,2021-09-07,-24,-3,-37,-50,-32,7
LA,Laos,,,,,,ChIJiUWCsFeQFDERgc2ZH0iSxQ4,2021-09-08,-33,-14,-39,-54,-32,10
LA,Laos,,,,,,ChIJiUWCsFeQFDERgc2ZH0iSxQ4,2021-09-09,-27,-8,-38,-54,-31,9
LA,Laos,,,,,,ChIJiUWCsFeQFDERgc2ZH0iSxQ4,2021-09-10,-26,-9,-36,-55,-24,10
LA,Laos,,,,,,ChIJiUWCsFeQFDERgc2ZH0iSxQ4,2021-09-11,-32,-8,-40,-59,-23,10
LA,Laos,,,,,,ChIJiUWCsFeQFDERgc2ZH0iSxQ4,2021-09-12,-30,-8,-37,-59,-30,10
