country_region_code,country_region,sub_region_1,sub_region_2,metro_area,iso_3166_2_code,census_fips_code,place_id,date,retail_and_recreation_percent_change_from_baseline,grocery_and_pharmacy_percent_change_from_baseline,parks_percent_change_from_baseline,transit_stations_percent_change_from_baseline,workplaces_percent_change_from_baseline,residential_percent_change_from_baseline
GH,Ghana,,,,,,ChIJx9baqM1a1w8RNtKT0DDy11Q,2021-01-01,-9,2,-7,-3,-61,22
GH,Ghana,,,,,,ChIJx9baqM1a1w8RNtKT0DDy11Q,2021-01-02,0,23,-9,6,-17,13
GH,Ghana,,,,,,ChIJx9baqM1a1w8RNtKT0DDy11Q,2021-01-03,3,30,-4,15,-3,9
GH,Ghana,,,,,,ChIJx9baqM1a1w8RNtKT0DDy11Q,2021-01-04,4,31,-10,15,-20,16
GH,Ghana,,,,,,ChIJx9baqM1a1w8RNtKT0DDy11Q,2021-01-05,4,31,-11,16,-18,15
GH,Ghana,,,,,,ChIJx9baqM1a1w8RNtKT0DDy11Q,2021-01-06,7,37,-13,17,-16,15
GH,Ghana,,,,,,ChIJx9baqM1a1w8RNtKT0DDy11Q,2021-01-07,-8,17,-19,-3,-49,27
GH,Ghana,,,,,,ChIJx9baqM1a1w8RNtKT0DDy11Q,2021-01-08,5,30,-9,14,-12,14
GH,Ghana,,,,,,ChIJx9baqM1a1w8RNtKT0DDy11Q,2021-01-09,4,31,-5,13,-2,9
GH,Ghana,,,,,,ChIJx9baqM1a1w8RNtKT0DDy11Q,2021-01-10,4,27,-6,13,-2,9
GH,Ghana,,,,,,ChIJx9baqM1a1w8RNtKT0DDy11Q,2021-01-11,10,37,-2,20,-12,11
GH,Ghana,,,,,,ChIJx9baqM1a1w8RNtKT0DDy11Q,2021-01-12,7,32,-5,16,-13,11
GH,Ghana,,,,,,ChIJx9baqM1a1w8RNtKT0DDy11Q,2021-01-13,5,29,-11,12,-15,10
GH,Ghana,,,,,,ChIJx9baqM1a1w8RNtKT0DDy11Q,2021-01-14,2,26,-14,5,-19,11
GH,Ghana,,,,,,ChIJx9baqM1a1w8RNtKT0DDy11Q,2021-01-15,-1,17,-13,5,-18,11
GH,Ghana,,,,,,ChIJx9baqM1a1w8RNtKT0DDy11Q,2021-01-16,-3,19,-13,1,-13,8
GH,Ghana,,,,,,ChIJx9baqM1a1w8RNtKT0DDy11Q,2021-01-17,-3,22,-12,3,-11,9
GH,Ghana,,,,,,ChIJx9baqM1a1w8RNtKT0DDy11Q,2021-01-18,2,25,-13,7,-18,10
GH,Ghana,,,,,,ChIJx9baqM1a1w8RNtKT0DDy11Q,2021-01-19,-1,20,-14,3,-19,10
GH,Ghana,,,,,,ChIJx9baqM1a1w8RNtKT0DDy11Q,2021-01-20,-1,20,-17,1,-18,11
GH,Ghana,,,,,,ChIJx9baqM1a1w8RNtKT0DDy11Q,2021-01-21,-2,21,-15,-1,-18,12
GH,Ghana,,,,,,ChIJx9baqM1a1w8RNtKT0DDy11Q,2021-01-22,-3,16,-12,2,-15,12
GH,Ghana,,,,,,ChIJx9baqM1a1w8RNtKT0DDy11Q,2021-01-23,-4,21,-14,-1,-11,11
GH,Ghana,,,,,,ChIJx9baqM1a1w8RNtKT0DDy11Q,2021-01-24,-4,20,-14,2,-10,12
GH,Ghana,,,,,,ChIJx9baqM1a1w8RNtKT0DDy11Q,2021-01-25,1,23,-14,4,-15,11
GH,Ghana,,,,,,ChIJx9baqM1a1w8RNtKT0DDy11Q,2021-01-26,1,23,-14,3,-17,11
GH,Ghana,,,,,,ChIJx9baqM1a1w8RNtKT0DDy11Q,2021-01-27,-1,21,-13,3,-16,12
GH,Ghana,,,,,,ChIJx9baqM1a1w8RNtKT0DDy11Q,2021-01-28,-1,24,-16,2,-17,11
GH,Ghana,,,,,,ChIJx9baqM1a1w8RNtKT0DDy11Q,2021-01-29,-1,19,-14,7,-15,10
GH,Ghana,,,,,,ChIJx9baqM1a1w8RNtKT0DDy11Q,2021-01-30,0,27,-11,5,-14,6
GH,Ghana,,,,,,ChIJx9baqM1a1w8RNtKT0DDy11Q,2021-01-31,-3,27,-14,4,-13,7
GH,Ghana,,,,,,ChIJx9baqM1a1w8RNtKT0DDy11Q,2021-02-01,0,28,-17,3,-16,8
GH,Ghana,,,,,,ChIJx9baqM1a1w8RNtKT0DDy11Q,2021-02-02,0,27,-15,5,-17,9
GH,Ghana,,,,,,ChIJx9baqM1a1w8RNtKT0DDy11Q,2021-02-03,-3,24,-17,1,-16,10
GH,Ghana,,,,,,ChIJx9baqM1a1w8RNtKT0DDy11Q,2021-02-04,-5,23,-18,-1,-18,11
GH,Ghana,,,,,,ChIJx9baqM1a1w8RNtKT0DDy11Q,2021-02-05,-7,17,-16,0,-15,11
GH,Ghana,,,,,,ChIJx9baqM1a1w8RNtKT0DDy11Q,2021-02-06,-7,22,-15,-1,-12,10
GH,Ghana,,,,,,ChIJx9baqM1a1w8RNtKT0DDy11Q,2021-02-07,-11,18,-15,-2,-11,11
GH,Ghana,,,,,,ChIJx9baqM1a1w8RNtKT0DDy11Q,2021-02-08,-5,23,-17,1,-17,11
GH,Ghana,,,,,,ChIJx9baqM1a1w8RNtKT0DDy11Q,2021-02-09,-1,27,-15,3,-16,10
GH,Ghana,,,,,,ChIJx9baqM1a1w8RNtKT0DDy11Q,2021-02-10,-2,24,-16,1,-15,11
GH,Ghana,,,,,,ChIJx9baqM1a1w8RNtKT0DDy11Q,2021-02-11,-3,26,-24,-2,-16,11
GH,Ghana,,,,,,ChIJx9baqM1a1w8RNtKT0DDy11Q,2021-02-12,-3,21,-27,1,-13,10
GH,Ghana,,,,,,ChIJx9baqM1a1w8RNtKT0DDy11Q,2021-02-13,-4,27,-26,-4,-12,9
GH,Ghana,,,,,,ChIJx9baqM1a1w8RNtKT0DDy11Q,2021-02-14,7,31,-19,2,-10,8
GH,Ghana,,,,,,ChIJx9baqM1a1w8RNtKT0DDy11Q,2021-02-15,-2,25,-30,2,-14,9
GH,Ghana,,,,,,ChIJx9baqM1a1w8RNtKT0DDy11Q,2021-02-16,-1,25,-30,2,-15,10
GH,Ghana,,,,,,ChIJx9baqM1a1w8RNtKT0DDy11Q,2021-02-17,-2,25,-32,3,-13,10
GH,Ghana,,,,,,ChIJx9baqM1a1w8RNtKT0DDy11Q,2021-02-18,-3,26,-30,0,-14,11
GH,Ghana,,,,,,ChIJx9baqM1a1w8RNtKT0DDy11Q,2021-02-19,-3,24,-27,4,-10,10
GH,Ghana,,,,,,ChIJx9baqM1a1w8RNtKT0DDy11Q,2021-02-20,-5,27,-25,-2,-8,9
GH,Ghana,,,,,,ChIJx9baqM1a1w8RNtKT0DDy11Q,2021-02-21,-8,24,-24,-3,-9,10
GH,Ghana,,,,,,ChIJx9baqM1a1w8RNtKT0DDy11Q,2021-02-22,-2,27,-31,2,-11,10
GH,Ghana,,,,,,ChIJx9baqM1a1w8RNtKT0DDy11Q,2021-02-23,0,27,-28,3,-12,9
GH,Ghana,,,,,,ChIJx9baqM1a1w8RNtKT0DDy11Q,2021-02-24,0,28,-30,3,-11,11
GH,Ghana,,,,,,ChIJx9baqM1a1w8RNtKT0DDy11Q,2021-02-25,-3,25,-32,-1,-14,11
GH,Ghana,,,,,,ChIJx9baqM1a1w8RNtKT0DDy11Q,2021-02-26,2,28,-25,6,-9,9
GH,Ghana,,,,,,ChIJx9baqM1a1w8RNtKT0DDy11Q,2021-02-27,0,32,-24,2,-9,7
GH,Ghana,,,,,,ChIJx9baqM1a1w8RNtKT0DDy11Q,2021-02-28,-2,29,-22,3,-9,8
GH,Ghana,,,,,,ChIJx9baqM1a1w8RNtKT0DDy11Q,2021-03-01,3,35,-28,8,-10,9
GH,Ghana,,,,,,ChIJx9baqM1a1w8RNtKT0DDy11Q,2021-03-02,5,35,-28,10,-10,9
GH,Ghana,,,,,,ChIJx9baqM1a1w8RNtKT0DDy11Q,2021-03-03,4,34,-29,9,-10,9
GH,Ghana,,,,,,ChIJx9baqM1a1w8RNtKT0DDy11Q,2021-03-04,2,34,-28,8,-12,10
GH,Ghana,,,,,,ChIJx9baqM1a1w8RNtKT0DDy11Q,2021-03-05,4,31,-23,13,-10,9
GH,Ghana,,,,,,ChIJx9baqM1a1w8RNtKT0DDy11Q,2021-03-06,2,35,-20,7,-11,7
GH,Ghana,,,,,,ChIJx9baqM1a1w8RNtKT0DDy11Q,2021-03-07,-3,25,-20,-1,-12,6
GH,Ghana,,,,,,ChIJx9baqM1a1w8RNtKT0DDy11Q,2021-03-08,1,29,-25,0,-53,18
GH,Ghana,,,,,,ChIJx9baqM1a1w8RNtKT0DDy11Q,2021-03-09,5,36,-25,12,-12,8
GH,Ghana,,,,,,ChIJx9baqM1a1w8RNtKT0DDy11Q,2021-03-10,3,29,-30,9,-11,10
GH,Ghana,,,,,,ChIJx9baqM1a1w8RNtKT0DDy11Q,2021-03-11,2,33,-27,8,-11,10
GH,Ghana,,,,,,ChIJx9baqM1a1w8RNtKT0DDy11Q,2021-03-12,2,28,-25,10,-7,10
GH,Ghana,,,,,,ChIJx9baqM1a1w8RNtKT0DDy11Q,2021-03-13,0,31,-22,3,-7,8
GH,Ghana,,,,,,ChIJx9baqM1a1w8RNtKT0DDy11Q,2021-03-14,-5,25,-23,2,-10,10
GH,Ghana,,,,,,ChIJx9baqM1a1w8RNtKT0DDy11Q,2021-03-15,5,36,-26,10,-9,10
GH,Ghana,,,,,,ChIJx9baqM1a1w8RNtKT0DDy11Q,2021-03-16,6,36,-25,13,-9,9
GH,Ghana,,,,,,ChIJx9baqM1a1w8RNtKT0DDy11Q,2021-03-17,4,34,-28,11,-9,10
GH,Ghana,,,,,,ChIJx9baqM1a1w8RNtKT0DDy11Q,2021-03-18,4,37,-27,12,-11,10
GH,Ghana,,,,,,ChIJx9baqM1a1w8RNtKT0DDy11Q,2021-03-19,6,34,-22,15,-6,9
GH,Ghana,,,,,,ChIJx9baqM1a1w8RNtKT0DDy11Q,2021-03-20,4,38,-18,7,-5,8
GH,Ghana,,,,,,ChIJx9baqM1a1w8RNtKT0DDy11Q,2021-03-21,2,35,-18,8,-6,9
GH,Ghana,,,,,,ChIJx9baqM1a1w8RNtKT0DDy11Q,2021-03-22,5,36,-26,12,-6,10
GH,Ghana,,,,,,ChIJx9baqM1a1w8RNtKT0DDy11Q,2021-03-23,5,37,-26,13,-7,9
GH,Ghana,,,,,,ChIJx9baqM1a1w8RNtKT0DDy11Q,2021-03-24,4,36,-28,11,-7,9
GH,Ghana,,,,,,ChIJx9baqM1a1w8RNtKT0DDy11Q,2021-03-25,6,41,-25,13,-8,9
GH,Ghana,,,,,,ChIJx9baqM1a1w8RNtKT0DDy11Q,2021-03-26,7,37,-22,17,-5,8
GH,Ghana,,,,,,ChIJx9baqM1a1w8RNtKT0DDy11Q,2021-03-27,4,37,-18,8,-7,6
GH,Ghana,,,,,,ChIJx9baqM1a1w8RNtKT0DDy11Q,2021-03-28,0,32,-20,7,-8,7
GH,Ghana,,,,,,ChIJx9baqM1a1w8RNtKT0DDy11Q,2021-03-29,8,41,-24,14,-5,8
GH,Ghana,,,,,,ChIJx9baqM1a1w8RNtKT0DDy11Q,2021-03-30,10,43,-23,17,-6,8
GH,Ghana,,,,,,ChIJx9baqM1a1w8RNtKT0DDy11Q,2021-03-31,14,48,-20,21,-6,7
GH,Ghana,,,,,,ChIJx9baqM1a1w8RNtKT0DDy11Q,2021-04-01,21,61,-13,32,-10,5
GH,Ghana,,,,,,ChIJx9baqM1a1w8RNtKT0DDy11Q,2021-04-02,0,27,-23,5,-51,18
GH,Ghana,,,,,,ChIJx9baqM1a1w8RNtKT0DDy11Q,2021-04-03,6,41,-20,6,-15,9
GH,Ghana,,,,,,ChIJx9baqM1a1w8RNtKT0DDy11Q,2021-04-04,9,39,-16,6,-12,6
GH,Ghana,,,,,,ChIJx9baqM1a1w8RNtKT0DDy11Q,2021-04-05,6,33,-22,3,-59,20
GH,Ghana,,,,,,ChIJx9baqM1a1w8RNtKT0DDy11Q,2021-04-06,15,48,-21,26,-10,7
GH,Ghana,,,,,,ChIJx9baqM1a1w8RNtKT0DDy11Q,2021-04-07,12,44,-24,18,-7,9
GH,Ghana,,,,,,ChIJx9baqM1a1w8RNtKT0DDy11Q,2021-04-08,8,42,-24,14,-8,10
GH,Ghana,,,,,,ChIJx9baqM1a1w8RNtKT0DDy11Q,2021-04-09,9,38,-20,15,-4,10
GH,Ghana,,,,,,ChIJx9baqM1a1w8RNtKT0DDy11Q,2021-04-10,8,41,-18,9,-4,7
GH,Ghana,,,,,,ChIJx9baqM1a1w8RNtKT0DDy11Q,2021-04-11,5,38,-19,8,-5,9
GH,Ghana,,,,,,ChIJx9baqM1a1w8RNtKT0DDy11Q,2021-04-12,9,40,-26,13,-5,9
GH,Ghana,,,,,,ChIJx9baqM1a1w8RNtKT0DDy11Q,2021-04-13,10,43,-24,14,-6,8
GH,Ghana,,,,,,ChIJx9baqM1a1w8RNtKT0DDy11Q,2021-04-14,11,43,-25,15,-6,9
GH,Ghana,,,,,,ChIJx9baqM1a1w8RNtKT0DDy11Q,2021-04-15,10,44,-25,13,-6,10
GH,Ghana,,,,,,ChIJx9baqM1a1w8RNtKT0DDy11Q,2021-04-16,8,40,-22,16,-3,10
GH,Ghana,,,,,,ChIJx9baqM1a1w8RNtKT0DDy11Q,2021-04-17,6,42,-20,10,-4,8
GH,Ghana,,,,,,ChIJx9baqM1a1w8RNtKT0DDy11Q,2021-04-18,-1,33,-21,6,-7,10
GH,Ghana,,,,,,ChIJx9baqM1a1w8RNtKT0DDy11Q,2021-04-19,10,46,-24,16,-6,10
GH,Ghana,,,,,,ChIJx9baqM1a1w8RNtKT0DDy11Q,2021-04-20,11,48,-21,18,-7,10
GH,Ghana,,,,,,ChIJx9baqM1a1w8RNtKT0DDy11Q,2021-04-21,11,45,-25,16,-7,10
GH,Ghana,,,,,,ChIJx9baqM1a1w8RNtKT0DDy11Q,2021-04-22,10,45,-23,13,-9,11
GH,Ghana,,,,,,ChIJx9baqM1a1w8RNtKT0DDy11Q,2021-04-23,10,42,-16,19,-4,10
GH,Ghana,,,,,,ChIJx9baqM1a1w8RNtKT0DDy11Q,2021-04-24,8,45,-15,12,-4,7
GH,Ghana,,,,,,ChIJx9baqM1a1w8RNtKT0DDy11Q,2021-04-25,7,45,-16,12,-4,8
GH,Ghana,,,,,,ChIJx9baqM1a1w8RNtKT0DDy11Q,2021-04-26,10,46,-22,14,-6,10
GH,Ghana,,,,,,ChIJx9baqM1a1w8RNtKT0DDy11Q,2021-04-27,12,47,-22,18,-7,10
GH,Ghana,,,,,,ChIJx9baqM1a1w8RNtKT0DDy11Q,2021-04-28,15,53,-23,20,-7,10
GH,Ghana,,,,,,ChIJx9baqM1a1w8RNtKT0DDy11Q,2021-04-29,15,56,-21,21,-9,9
GH,Ghana,,,,,,ChIJx9baqM1a1w8RNtKT0DDy11Q,2021-04-30,17,51,-17,28,-5,7
GH,Ghana,,,,,,ChIJx9baqM1a1w8RNtKT0DDy11Q,2021-05-01,15,56,-12,22,-9,4
GH,Ghana,,,,,,ChIJx9baqM1a1w8RNtKT0DDy11Q,2021-05-02,11,49,-16,16,-9,7
GH,Ghana,,,,,,ChIJx9baqM1a1w8RNtKT0DDy11Q,2021-05-03,12,51,-22,14,-52,19
GH,Ghana,,,,,,ChIJx9baqM1a1w8RNtKT0DDy11Q,2021-05-04,19,61,-19,30,-6,6
GH,Ghana,,,,,,ChIJx9baqM1a1w8RNtKT0DDy11Q,2021-05-05,19,59,-21,28,-6,7
GH,Ghana,,,,,,ChIJx9baqM1a1w8RNtKT0DDy11Q,2021-05-06,15,58,-19,25,-7,8
GH,Ghana,,,,,,ChIJx9baqM1a1w8RNtKT0DDy11Q,2021-05-07,15,51,-16,28,-2,8
GH,Ghana,,,,,,ChIJx9baqM1a1w8RNtKT0DDy11Q,2021-05-08,13,54,-15,18,-6,7
GH,Ghana,,,,,,ChIJx9baqM1a1w8RNtKT0DDy11Q,2021-05-09,20,58,-12,25,-6,7
GH,Ghana,,,,,,ChIJx9baqM1a1w8RNtKT0DDy11Q,2021-05-10,17,59,-17,27,-4,7
GH,Ghana,,,,,,ChIJx9baqM1a1w8RNtKT0DDy11Q,2021-05-11,17,57,-16,27,-4,6
GH,Ghana,,,,,,ChIJx9baqM1a1w8RNtKT0DDy11Q,2021-05-12,24,65,-16,34,-5,6
GH,Ghana,,,,,,ChIJx9baqM1a1w8RNtKT0DDy11Q,2021-05-13,11,49,-18,13,-53,20
GH,Ghana,,,,,,ChIJx9baqM1a1w8RNtKT0DDy11Q,2021-05-14,15,50,-15,26,-4,9
GH,Ghana,,,,,,ChIJx9baqM1a1w8RNtKT0DDy11Q,2021-05-15,14,53,-13,18,-6,7
GH,Ghana,,,,,,ChIJx9baqM1a1w8RNtKT0DDy11Q,2021-05-16,13,52,-11,21,-6,8
GH,Ghana,,,,,,ChIJx9baqM1a1w8RNtKT0DDy11Q,2021-05-17,19,60,-14,28,-2,7
GH,Ghana,,,,,,ChIJx9baqM1a1w8RNtKT0DDy11Q,2021-05-18,18,59,-14,28,-2,8
GH,Ghana,,,,,,ChIJx9baqM1a1w8RNtKT0DDy11Q,2021-05-19,19,57,-16,24,-2,8
GH,Ghana,,,,,,ChIJx9baqM1a1w8RNtKT0DDy11Q,2021-05-20,16,55,-15,23,-4,9
GH,Ghana,,,,,,ChIJx9baqM1a1w8RNtKT0DDy11Q,2021-05-21,20,54,-8,29,2,8
GH,Ghana,,,,,,ChIJx9baqM1a1w8RNtKT0DDy11Q,2021-05-22,15,55,-10,23,-1,8
GH,Ghana,,,,,,ChIJx9baqM1a1w8RNtKT0DDy11Q,2021-05-23,14,52,-8,20,-3,8
GH,Ghana,,,,,,ChIJx9baqM1a1w8RNtKT0DDy11Q,2021-05-24,21,59,-14,29,-1,8
GH,Ghana,,,,,,ChIJx9baqM1a1w8RNtKT0DDy11Q,2021-05-25,19,58,-13,31,-1,7
GH,Ghana,,,,,,ChIJx9baqM1a1w8RNtKT0DDy11Q,2021-05-26,22,58,-13,27,-1,6
GH,Ghana,,,,,,ChIJx9baqM1a1w8RNtKT0DDy11Q,2021-05-27,23,65,-10,30,-2,8
GH,Ghana,,,,,,ChIJx9baqM1a1w8RNtKT0DDy11Q,2021-05-28,27,64,-3,38,3,6
GH,Ghana,,,,,,ChIJx9baqM1a1w8RNtKT0DDy11Q,2021-05-29,26,63,-1,30,-1,5
GH,Ghana,,,,,,ChIJx9baqM1a1w8RNtKT0DDy11Q,2021-05-30,19,57,-5,25,-6,7
GH,Ghana,,,,,,ChIJx9baqM1a1w8RNtKT0DDy11Q,2021-05-31,28,70,-9,35,1,7
GH,Ghana,,,,,,ChIJx9baqM1a1w8RNtKT0DDy11Q,2021-06-01,26,68,-8,36,0,6
GH,Ghana,,,,,,ChIJx9baqM1a1w8RNtKT0DDy11Q,2021-06-02,27,68,-9,34,0,7
GH,Ghana,,,,,,ChIJx9baqM1a1w8RNtKT0DDy11Q,2021-06-03,25,68,-7,32,-1,8
GH,Ghana,,,,,,ChIJx9baqM1a1w8RNtKT0DDy11Q,2021-06-04,24,60,-5,34,3,9
GH,Ghana,,,,,,ChIJx9baqM1a1w8RNtKT0DDy11Q,2021-06-05,22,64,-2,29,0,7
GH,Ghana,,,,,,ChIJx9baqM1a1w8RNtKT0DDy11Q,2021-06-06,22,62,-2,29,-2,7
GH,Ghana,,,,,,ChIJx9baqM1a1w8RNtKT0DDy11Q,2021-06-07,26,67,-9,33,2,7
GH,Ghana,,,,,,ChIJx9baqM1a1w8RNtKT0DDy11Q,2021-06-08,25,66,-4,33,3,7
GH,Ghana,,,,,,ChIJx9baqM1a1w8RNtKT0DDy11Q,2021-06-09,27,67,-7,33,3,7
GH,Ghana,,,,,,ChIJx9baqM1a1w8RNtKT0DDy11Q,2021-06-10,25,66,-7,31,1,7
GH,Ghana,,,,,,ChIJx9baqM1a1w8RNtKT0DDy11Q,2021-06-11,23,58,-4,33,4,8
GH,Ghana,,,,,,ChIJx9baqM1a1w8RNtKT0DDy11Q,2021-06-12,22,62,-3,28,0,6
GH,Ghana,,,,,,ChIJx9baqM1a1w8RNtKT0DDy11Q,2021-06-13,22,61,-1,28,-1,7
GH,Ghana,,,,,,ChIJx9baqM1a1w8RNtKT0DDy11Q,2021-06-14,27,66,-8,31,1,7
GH,Ghana,,,,,,ChIJx9baqM1a1w8RNtKT0DDy11Q,2021-06-15,24,66,-8,31,1,7
GH,Ghana,,,,,,ChIJx9baqM1a1w8RNtKT0DDy11Q,2021-06-16,24,62,-11,28,-2,8
GH,Ghana,,,,,,ChIJx9baqM1a1w8RNtKT0DDy11Q,2021-06-17,25,66,-9,28,-3,7
GH,Ghana,,,,,,ChIJx9baqM1a1w8RNtKT0DDy11Q,2021-06-18,26,60,-6,31,1,8
GH,Ghana,,,,,,ChIJx9baqM1a1w8RNtKT0DDy11Q,2021-06-19,20,61,-6,25,-1,6
GH,Ghana,,,,,,ChIJx9baqM1a1w8RNtKT0DDy11Q,2021-06-20,11,46,-13,15,-11,9
GH,Ghana,,,,,,ChIJx9baqM1a1w8RNtKT0DDy11Q,2021-06-21,21,59,-13,24,-3,7
GH,Ghana,,,,,,ChIJx9baqM1a1w8RNtKT0DDy11Q,2021-06-22,18,54,-14,23,-2,8
GH,Ghana,,,,,,ChIJx9baqM1a1w8RNtKT0DDy11Q,2021-06-23,23,59,-12,25,-1,8
GH,Ghana,,,,,,ChIJx9baqM1a1w8RNtKT0DDy11Q,2021-06-24,21,61,-7,22,-5,9
GH,Ghana,,,,,,ChIJx9baqM1a1w8RNtKT0DDy11Q,2021-06-25,24,57,-3,29,0,8
GH,Ghana,,,,,,ChIJx9baqM1a1w8RNtKT0DDy11Q,2021-06-26,10,42,-11,17,-7,9
GH,Ghana,,,,,,ChIJx9baqM1a1w8RNtKT0DDy11Q,2021-06-27,20,60,-3,27,-4,7
GH,Ghana,,,,,,ChIJx9baqM1a1w8RNtKT0DDy11Q,2021-06-28,21,60,-9,26,-2,7
GH,Ghana,,,,,,ChIJx9baqM1a1w8RNtKT0DDy11Q,2021-06-29,21,61,-9,27,-2,6
GH,Ghana,,,,,,ChIJx9baqM1a1w8RNtKT0DDy11Q,2021-06-30,22,60,-13,27,-3,8
GH,Ghana,,,,,,ChIJx9baqM1a1w8RNtKT0DDy11Q,2021-07-01,28,72,-5,31,-3,7
GH,Ghana,,,,,,ChIJx9baqM1a1w8RNtKT0DDy11Q,2021-07-02,28,64,-4,35,1,8
GH,Ghana,,,,,,ChIJx9baqM1a1w8RNtKT0DDy11Q,2021-07-03,23,66,0,29,-3,7
GH,Ghana,,,,,,ChIJx9baqM1a1w8RNtKT0DDy11Q,2021-07-04,23,62,-1,29,-5,8
GH,Ghana,,,,,,ChIJx9baqM1a1w8RNtKT0DDy11Q,2021-07-05,28,69,-3,33,2,7
GH,Ghana,,,,,,ChIJx9baqM1a1w8RNtKT0DDy11Q,2021-07-06,26,66,-2,33,3,7
GH,Ghana,,,,,,ChIJx9baqM1a1w8RNtKT0DDy11Q,2021-07-07,27,64,-6,32,2,7
GH,Ghana,,,,,,ChIJx9baqM1a1w8RNtKT0DDy11Q,2021-07-08,25,67,-3,30,0,8
GH,Ghana,,,,,,ChIJx9baqM1a1w8RNtKT0DDy11Q,2021-07-09,27,62,-2,34,4,8
GH,Ghana,,,,,,ChIJx9baqM1a1w8RNtKT0DDy11Q,2021-07-10,23,63,1,28,-1,6
GH,Ghana,,,,,,ChIJx9baqM1a1w8RNtKT0DDy11Q,2021-07-11,21,59,-1,27,-2,8
GH,Ghana,,,,,,ChIJx9baqM1a1w8RNtKT0DDy11Q,2021-07-12,26,65,-5,30,2,7
GH,Ghana,,,,,,ChIJx9baqM1a1w8RNtKT0DDy11Q,2021-07-13,26,63,-3,31,2,7
GH,Ghana,,,,,,ChIJx9baqM1a1w8RNtKT0DDy11Q,2021-07-14,28,66,-5,31,2,7
GH,Ghana,,,,,,ChIJx9baqM1a1w8RNtKT0DDy11Q,2021-07-15,24,64,-6,27,0,9
GH,Ghana,,,,,,ChIJx9baqM1a1w8RNtKT0DDy11Q,2021-07-16,24,57,-3,31,4,8
GH,Ghana,,,,,,ChIJx9baqM1a1w8RNtKT0DDy11Q,2021-07-17,23,64,-2,27,-1,7
GH,Ghana,,,,,,ChIJx9baqM1a1w8RNtKT0DDy11Q,2021-07-18,23,63,0,27,-3,8
GH,Ghana,,,,,,ChIJx9baqM1a1w8RNtKT0DDy11Q,2021-07-19,33,74,-2,33,0,6
GH,Ghana,,,,,,ChIJx9baqM1a1w8RNtKT0DDy11Q,2021-07-20,22,58,-1,15,-53,19
GH,Ghana,,,,,,ChIJx9baqM1a1w8RNtKT0DDy11Q,2021-07-21,27,65,-5,29,-1,7
GH,Ghana,,,,,,ChIJx9baqM1a1w8RNtKT0DDy11Q,2021-07-22,26,66,-4,27,-1,9
GH,Ghana,,,,,,ChIJx9baqM1a1w8RNtKT0DDy11Q,2021-07-23,27,61,-1,32,3,8
GH,Ghana,,,,,,ChIJx9baqM1a1w8RNtKT0DDy11Q,2021-07-24,22,60,-3,24,-1,7
GH,Ghana,,,,,,ChIJx9baqM1a1w8RNtKT0DDy11Q,2021-07-25,21,57,-3,26,-3,8
GH,Ghana,,,,,,ChIJx9baqM1a1w8RNtKT0DDy11Q,2021-07-26,26,65,-6,28,3,8
GH,Ghana,,,,,,ChIJx9baqM1a1w8RNtKT0DDy11Q,2021-07-27,26,64,-5,29,2,9
GH,Ghana,,,,,,ChIJx9baqM1a1w8RNtKT0DDy11Q,2021-07-28,29,67,-7,31,2,9
GH,Ghana,,,,,,ChIJx9baqM1a1w8RNtKT0DDy11Q,2021-07-29,29,73,-6,32,1,9
GH,Ghana,,,,,,ChIJx9baqM1a1w8RNtKT0DDy11Q,2021-07-30,31,67,-1,36,5,7
GH,Ghana,,,,,,ChIJx9baqM1a1w8RNtKT0DDy11Q,2021-07-31,26,66,0,29,-1,6
GH,Ghana,,,,,,ChIJx9baqM1a1w8RNtKT0DDy11Q,2021-08-01,25,63,-1,29,-2,7
GH,Ghana,,,,,,ChIJx9baqM1a1w8RNtKT0DDy11Q,2021-08-02,30,72,-7,32,1,9
GH,Ghana,,,,,,ChIJx9baqM1a1w8RNtKT0DDy11Q,2021-08-03,33,74,-5,37,0,8
GH,Ghana,,,,,,ChIJx9baqM1a1w8RNtKT0DDy11Q,2021-08-04,27,62,-9,23,-47,20
GH,Ghana,,,,,,ChIJx9baqM1a1w8RNtKT0DDy11Q,2021-08-05,29,69,-9,32,-1,9
GH,Ghana,,,,,,ChIJx9baqM1a1w8RNtKT0DDy11Q,2021-08-06,28,63,-4,35,2,10
GH,Ghana,,,,,,ChIJx9baqM1a1w8RNtKT0DDy11Q,2021-08-07,25,62,-2,29,-1,7
GH,Ghana,,,,,,ChIJx9baqM1a1w8RNtKT0DDy11Q,2021-08-08,23,58,-4,27,-4,9
GH,Ghana,,,,,,ChIJx9baqM1a1w8RNtKT0DDy11Q,2021-08-09,28,65,-8,31,-3,11
GH,Ghana,,,,,,ChIJx9baqM1a1w8RNtKT0DDy11Q,2021-08-10,29,68,-7,33,-3,10
GH,Ghana,,,,,,ChIJx9baqM1a1w8RNtKT0DDy11Q,2021-08-11,30,66,-10,33,-4,10
GH,Ghana,,,,,,ChIJx9baqM1a1w8RNtKT0DDy11Q,2021-08-12,20,61,-13,23,-9,13
GH,Ghana,,,,,,ChIJx9baqM1a1w8RNtKT0DDy11Q,2021-08-13,27,65,-4,35,-1,11
GH,Ghana,,,,,,ChIJx9baqM1a1w8RNtKT0DDy11Q,2021-08-14,23,67,-3,29,-2,8
GH,Ghana,,,,,,ChIJx9baqM1a1w8RNtKT0DDy11Q,2021-08-15,23,63,-2,29,-4,8
GH,Ghana,,,,,,ChIJx9baqM1a1w8RNtKT0DDy11Q,2021-08-16,28,70,-8,33,-4,10
GH,Ghana,,,,,,ChIJx9baqM1a1w8RNtKT0DDy11Q,2021-08-17,26,70,-7,34,-5,11
GH,Ghana,,,,,,ChIJx9baqM1a1w8RNtKT0DDy11Q,2021-08-18,28,69,-7,36,-3,11
GH,Ghana,,,,,,ChIJx9baqM1a1w8RNtKT0DDy11Q,2021-08-19,25,69,-5,32,-5,12
GH,Ghana,,,,,,ChIJx9baqM1a1w8RNtKT0DDy11Q,2021-08-20,26,63,-2,34,-1,11
GH,Ghana,,,,,,ChIJx9baqM1a1w8RNtKT0DDy11Q,2021-08-21,21,61,-4,27,-4,9
GH,Ghana,,,,,,ChIJx9baqM1a1w8RNtKT0DDy11Q,2021-08-22,21,59,-4,29,-5,9
GH,Ghana,,,,,,ChIJx9baqM1a1w8RNtKT0DDy11Q,2021-08-23,23,63,-8,28,-3,11
GH,Ghana,,,,,,ChIJx9baqM1a1w8RNtKT0DDy11Q,2021-08-24,27,67,-5,32,-3,9
GH,Ghana,,,,,,ChIJx9baqM1a1w8RNtKT0DDy11Q,2021-08-25,28,68,-6,33,-3,10
GH,Ghana,,,,,,ChIJx9baqM1a1w8RNtKT0DDy11Q,2021-08-26,27,72,-4,32,-5,10
GH,Ghana,,,,,,ChIJx9baqM1a1w8RNtKT0DDy11Q,2021-08-27,30,68,1,38,1,10
GH,Ghana,,,,,,ChIJx9baqM1a1w8RNtKT0DDy11Q,2021-08-28,23,66,2,29,-2,7
GH,Ghana,,,,,,ChIJx9baqM1a1w8RNtKT0DDy11Q,2021-08-29,24,66,2,29,-2,9
GH,Ghana,,,,,,ChIJx9baqM1a1w8RNtKT0DDy11Q,2021-08-30,29,74,-4,32,-3,10
GH,Ghana,,,,,,ChIJx9baqM1a1w8RNtKT0DDy11Q,2021-08-31,30,75,-3,37,-2,10
GH,Ghana,,,,,,ChIJx9baqM1a1w8RNtKT0DDy11Q,2021-09-01,34,78,-3,40,-2,9
GH,Ghana,,,,,,ChIJx9baqM1a1w8RNtKT0DDy11Q,2021-09-02,19,60,-13,18,-10,16
GH,Ghana,,,,,,ChIJx9baqM1a1w8RNtKT0DDy11Q,2021-09-03,31,71,-1,38,1,10
GH,Ghana,,,,,,ChIJx9baqM1a1w8RNtKT0DDy11Q,2021-09-04,26,70,3,31,-1,8
GH,Ghana,,,,,,ChIJx9baqM1a1w8RNtKT0DDy11Q,2021-09-05,21,62,-2,27,-3,9
GH,Ghana,,,,,,ChIJx9baqM1a1w8RNtKT0DDy11Q,2021-09-06,32,78,-5,37,-1,10
GH,Ghana,,,,,,ChIJx9baqM1a1w8RNtKT0DDy11Q,2021-09-07,30,76,-4,36,0,9
GH,Ghana,,,,,,ChIJx9baqM1a1w8RNtKT0DDy11Q,2021-09-08,30,73,-6,33,0,9
GH,Ghana,,,,,,ChIJx9baqM1a1w8RNtKT0DDy11Q,2021-09-09,29,71,-7,32,-3,9
GH,Ghana,,,,,,ChIJx9baqM1a1w8RNtKT0DDy11Q,2021-09-10,30,62,-1,34,3,9
GH,Ghana,,,,,,ChIJx9baqM1a1w8RNtKT0DDy11Q,2021-09-11,25,63,-2,29,1,8
GH,Ghana,,,,,,ChIJx9baqM1a1w8RNtKT0DDy11Q,2021-09-12,25,60,-1,28,-1,9
GH,Ghana,,,Accra Metropolitan Area,,,ChIJ6fNExKqb3w8RGqR8UDG1n5Q,2021-01-01,-7,13,-8,-6,-66,26
GH,Ghana,,,Accra Metropolitan Area,,,ChIJ6fNExKqb3w8RGqR8UDG1n5Q,2021-01-02,2,35,-10,3,-14,15
GH,Ghana,,,Accra Metropolitan Area,,,ChIJ6fNExKqb3w8RGqR8UDG1n5Q,2021-01-03,7,43,-10,10,10,10
GH,Ghana,,,Accra Metropolitan Area,,,ChIJ6fNExKqb3w8RGqR8UDG1n5Q,2021-01-04,6,38,-12,9,-18,18
GH,Ghana,,,Accra Metropolitan Area,,,ChIJ6fNExKqb3w8RGqR8UDG1n5Q,2021-01-05,6,42,-10,11,-15,17
GH,Ghana,,,Accra Metropolitan Area,,,ChIJ6fNExKqb3w8RGqR8UDG1n5Q,2021-01-06,12,51,-12,11,-13,16
GH,Ghana,,,Accra Metropolitan Area,,,ChIJ6fNExKqb3w8RGqR8UDG1n5Q,2021-01-07,-7,22,-22,-10,-55,31
GH,Ghana,,,Accra Metropolitan Area,,,ChIJ6fNExKqb3w8RGqR8UDG1n5Q,2021-01-08,7,45,-10,9,-10,17
GH,Ghana,,,Accra Metropolitan Area,,,ChIJ6fNExKqb3w8RGqR8UDG1n5Q,2021-01-09,8,47,-15,9,5,11
GH,Ghana,,,Accra Metropolitan Area,,,ChIJ6fNExKqb3w8RGqR8UDG1n5Q,2021-01-10,9,40,-20,6,12,10
GH,Ghana,,,Accra Metropolitan Area,,,ChIJ6fNExKqb3w8RGqR8UDG1n5Q,2021-01-11,12,47,-7,14,-8,13
GH,Ghana,,,Accra Metropolitan Area,,,ChIJ6fNExKqb3w8RGqR8UDG1n5Q,2021-01-12,10,45,-10,9,-9,13
GH,Ghana,,,Accra Metropolitan Area,,,ChIJ6fNExKqb3w8RGqR8UDG1n5Q,2021-01-13,9,43,-16,6,-11,12
GH,Ghana,,,Accra Metropolitan Area,,,ChIJ6fNExKqb3w8RGqR8UDG1n5Q,2021-01-14,4,35,-22,0,-16,13
GH,Ghana,,,Accra Metropolitan Area,,,ChIJ6fNExKqb3w8RGqR8UDG1n5Q,2021-01-15,1,32,-20,0,-15,13
GH,Ghana,,,Accra Metropolitan Area,,,ChIJ6fNExKqb3w8RGqR8UDG1n5Q,2021-01-16,0,36,-24,-2,-7,10
GH,Ghana,,,Accra Metropolitan Area,,,ChIJ6fNExKqb3w8RGqR8UDG1n5Q,2021-01-17,1,37,-27,-4,0,10
GH,Ghana,,,Accra Metropolitan Area,,,ChIJ6fNExKqb3w8RGqR8UDG1n5Q,2021-01-18,4,35,-23,1,-14,11
GH,Ghana,,,Accra Metropolitan Area,,,ChIJ6fNExKqb3w8RGqR8UDG1n5Q,2021-01-19,2,34,-21,-3,-15,12
GH,Ghana,,,Accra Metropolitan Area,,,ChIJ6fNExKqb3w8RGqR8UDG1n5Q,2021-01-20,1,33,-22,-5,-14,13
GH,Ghana,,,Accra Metropolitan Area,,,ChIJ6fNExKqb3w8RGqR8UDG1n5Q,2021-01-21,0,31,-23,-7,-14,14
GH,Ghana,,,Accra Metropolitan Area,,,ChIJ6fNExKqb3w8RGqR8UDG1n5Q,2021-01-22,-1,32,-18,-3,-12,14
GH,Ghana,,,Accra Metropolitan Area,,,ChIJ6fNExKqb3w8RGqR8UDG1n5Q,2021-01-23,-1,38,-26,-4,-4,12
GH,Ghana,,,Accra Metropolitan Area,,,ChIJ6fNExKqb3w8RGqR8UDG1n5Q,2021-01-24,0,35,-29,-6,2,12
GH,Ghana,,,Accra Metropolitan Area,,,ChIJ6fNExKqb3w8RGqR8UDG1n5Q,2021-01-25,3,34,-23,-1,-12,12
GH,Ghana,,,Accra Metropolitan Area,,,ChIJ6fNExKqb3w8RGqR8UDG1n5Q,2021-01-26,2,36,-19,-1,-13,13
GH,Ghana,,,Accra Metropolitan Area,,,ChIJ6fNExKqb3w8RGqR8UDG1n5Q,2021-01-27,1,34,-15,-3,-12,14
GH,Ghana,,,Accra Metropolitan Area,,,ChIJ6fNExKqb3w8RGqR8UDG1n5Q,2021-01-28,1,32,-25,-4,-13,14
GH,Ghana,,,Accra Metropolitan Area,,,ChIJ6fNExKqb3w8RGqR8UDG1n5Q,2021-01-29,0,35,-19,2,-12,12
GH,Ghana,,,Accra Metropolitan Area,,,ChIJ6fNExKqb3w8RGqR8UDG1n5Q,2021-01-30,1,42,-21,1,-6,7
GH,Ghana,,,Accra Metropolitan Area,,,ChIJ6fNExKqb3w8RGqR8UDG1n5Q,2021-01-31,-1,41,-27,-3,1,8
GH,Ghana,,,Accra Metropolitan Area,,,ChIJ6fNExKqb3w8RGqR8UDG1n5Q,2021-02-01,2,39,-23,-1,-12,10
GH,Ghana,,,Accra Metropolitan Area,,,ChIJ6fNExKqb3w8RGqR8UDG1n5Q,2021-02-02,2,40,-19,0,-13,11
GH,Ghana,,,Accra Metropolitan Area,,,ChIJ6fNExKqb3w8RGqR8UDG1n5Q,2021-02-03,1,37,-20,-4,-12,12
GH,Ghana,,,Accra Metropolitan Area,,,ChIJ6fNExKqb3w8RGqR8UDG1n5Q,2021-02-04,-1,33,-22,-5,-13,13
GH,Ghana,,,Accra Metropolitan Area,,,ChIJ6fNExKqb3w8RGqR8UDG1n5Q,2021-02-05,-5,31,-18,-4,-12,14
GH,Ghana,,,Accra Metropolitan Area,,,ChIJ6fNExKqb3w8RGqR8UDG1n5Q,2021-02-06,-4,37,-20,-4,-3,11
GH,Ghana,,,Accra Metropolitan Area,,,ChIJ6fNExKqb3w8RGqR8UDG1n5Q,2021-02-07,-7,30,-24,-8,1,12
GH,Ghana,,,Accra Metropolitan Area,,,ChIJ6fNExKqb3w8RGqR8UDG1n5Q,2021-02-08,-2,33,-20,-2,-13,13
GH,Ghana,,,Accra Metropolitan Area,,,ChIJ6fNExKqb3w8RGqR8UDG1n5Q,2021-02-09,2,42,-16,-2,-13,12
GH,Ghana,,,Accra Metropolitan Area,,,ChIJ6fNExKqb3w8RGqR8UDG1n5Q,2021-02-10,2,39,-16,-3,-12,13
GH,Ghana,,,Accra Metropolitan Area,,,ChIJ6fNExKqb3w8RGqR8UDG1n5Q,2021-02-11,1,37,-28,-6,-13,13
GH,Ghana,,,Accra Metropolitan Area,,,ChIJ6fNExKqb3w8RGqR8UDG1n5Q,2021-02-12,0,40,-31,-3,-10,12
GH,Ghana,,,Accra Metropolitan Area,,,ChIJ6fNExKqb3w8RGqR8UDG1n5Q,2021-02-13,1,46,-30,-6,-2,9
GH,Ghana,,,Accra Metropolitan Area,,,ChIJ6fNExKqb3w8RGqR8UDG1n5Q,2021-02-14,14,50,-27,-5,5,8
GH,Ghana,,,Accra Metropolitan Area,,,ChIJ6fNExKqb3w8RGqR8UDG1n5Q,2021-02-15,3,39,-35,-2,-10,11
GH,Ghana,,,Accra Metropolitan Area,,,ChIJ6fNExKqb3w8RGqR8UDG1n5Q,2021-02-16,3,42,-34,-2,-11,11
GH,Ghana,,,Accra Metropolitan Area,,,ChIJ6fNExKqb3w8RGqR8UDG1n5Q,2021-02-17,3,42,-34,-2,-9,11
GH,Ghana,,,Accra Metropolitan Area,,,ChIJ6fNExKqb3w8RGqR8UDG1n5Q,2021-02-18,0,38,-37,-5,-10,13
GH,Ghana,,,Accra Metropolitan Area,,,ChIJ6fNExKqb3w8RGqR8UDG1n5Q,2021-02-19,0,42,-31,-1,-7,12
GH,Ghana,,,Accra Metropolitan Area,,,ChIJ6fNExKqb3w8RGqR8UDG1n5Q,2021-02-20,0,46,-30,-4,1,10
GH,Ghana,,,Accra Metropolitan Area,,,ChIJ6fNExKqb3w8RGqR8UDG1n5Q,2021-02-21,-3,41,-31,-9,4,10
GH,Ghana,,,Accra Metropolitan Area,,,ChIJ6fNExKqb3w8RGqR8UDG1n5Q,2021-02-22,1,41,-36,-3,-8,11
GH,Ghana,,,Accra Metropolitan Area,,,ChIJ6fNExKqb3w8RGqR8UDG1n5Q,2021-02-23,3,42,-32,-1,-8,10
GH,Ghana,,,Accra Metropolitan Area,,,ChIJ6fNExKqb3w8RGqR8UDG1n5Q,2021-02-24,5,44,-35,-4,-7,11
GH,Ghana,,,Accra Metropolitan Area,,,ChIJ6fNExKqb3w8RGqR8UDG1n5Q,2021-02-25,0,34,-38,-8,-10,13
GH,Ghana,,,Accra Metropolitan Area,,,ChIJ6fNExKqb3w8RGqR8UDG1n5Q,2021-02-26,5,47,-29,1,-6,11
GH,Ghana,,,Accra Metropolitan Area,,,ChIJ6fNExKqb3w8RGqR8UDG1n5Q,2021-02-27,4,50,-30,-1,0,8
GH,Ghana,,,Accra Metropolitan Area,,,ChIJ6fNExKqb3w8RGqR8UDG1n5Q,2021-02-28,5,45,-29,-4,5,8
GH,Ghana,,,Accra Metropolitan Area,,,ChIJ6fNExKqb3w8RGqR8UDG1n5Q,2021-03-01,8,48,-34,2,-6,9
GH,Ghana,,,Accra Metropolitan Area,,,ChIJ6fNExKqb3w8RGqR8UDG1n5Q,2021-03-02,9,51,-31,4,-7,9
GH,Ghana,,,Accra Metropolitan Area,,,ChIJ6fNExKqb3w8RGqR8UDG1n5Q,2021-03-03,9,50,-32,2,-6,9
GH,Ghana,,,Accra Metropolitan Area,,,ChIJ6fNExKqb3w8RGqR8UDG1n5Q,2021-03-04,6,46,-34,1,-8,11
GH,Ghana,,,Accra Metropolitan Area,,,ChIJ6fNExKqb3w8RGqR8UDG1n5Q,2021-03-05,8,51,-26,7,-7,10
GH,Ghana,,,Accra Metropolitan Area,,,ChIJ6fNExKqb3w8RGqR8UDG1n5Q,2021-03-06,7,54,-25,3,-2,7
GH,Ghana,,,Accra Metropolitan Area,,,ChIJ6fNExKqb3w8RGqR8UDG1n5Q,2021-03-07,4,41,-28,-7,2,6
GH,Ghana,,,Accra Metropolitan Area,,,ChIJ6fNExKqb3w8RGqR8UDG1n5Q,2021-03-08,5,41,-31,-7,-56,20
GH,Ghana,,,Accra Metropolitan Area,,,ChIJ6fNExKqb3w8RGqR8UDG1n5Q,2021-03-09,8,51,-29,5,-7,8
GH,Ghana,,,Accra Metropolitan Area,,,ChIJ6fNExKqb3w8RGqR8UDG1n5Q,2021-03-10,9,45,-33,2,-6,10
GH,Ghana,,,Accra Metropolitan Area,,,ChIJ6fNExKqb3w8RGqR8UDG1n5Q,2021-03-11,7,45,-32,2,-6,11
GH,Ghana,,,Accra Metropolitan Area,,,ChIJ6fNExKqb3w8RGqR8UDG1n5Q,2021-03-12,5,45,-29,5,-4,11
GH,Ghana,,,Accra Metropolitan Area,,,ChIJ6fNExKqb3w8RGqR8UDG1n5Q,2021-03-13,4,47,-28,-1,2,9
GH,Ghana,,,Accra Metropolitan Area,,,ChIJ6fNExKqb3w8RGqR8UDG1n5Q,2021-03-14,1,42,-29,-4,4,10
GH,Ghana,,,Accra Metropolitan Area,,,ChIJ6fNExKqb3w8RGqR8UDG1n5Q,2021-03-15,10,47,-31,4,-5,10
GH,Ghana,,,Accra Metropolitan Area,,,ChIJ6fNExKqb3w8RGqR8UDG1n5Q,2021-03-16,9,52,-29,6,-5,10
GH,Ghana,,,Accra Metropolitan Area,,,ChIJ6fNExKqb3w8RGqR8UDG1n5Q,2021-03-17,7,47,-31,3,-5,11
GH,Ghana,,,Accra Metropolitan Area,,,ChIJ6fNExKqb3w8RGqR8UDG1n5Q,2021-03-18,8,49,-30,5,-6,11
GH,Ghana,,,Accra Metropolitan Area,,,ChIJ6fNExKqb3w8RGqR8UDG1n5Q,2021-03-19,9,52,-25,8,-2,11
GH,Ghana,,,Accra Metropolitan Area,,,ChIJ6fNExKqb3w8RGqR8UDG1n5Q,2021-03-20,9,56,-25,3,4,8
GH,Ghana,,,Accra Metropolitan Area,,,ChIJ6fNExKqb3w8RGqR8UDG1n5Q,2021-03-21,8,52,-25,0,7,8
GH,Ghana,,,Accra Metropolitan Area,,,ChIJ6fNExKqb3w8RGqR8UDG1n5Q,2021-03-22,9,47,-31,6,-2,10
GH,Ghana,,,Accra Metropolitan Area,,,ChIJ6fNExKqb3w8RGqR8UDG1n5Q,2021-03-23,9,51,-28,7,-3,10
GH,Ghana,,,Accra Metropolitan Area,,,ChIJ6fNExKqb3w8RGqR8UDG1n5Q,2021-03-24,9,52,-31,5,-3,10
GH,Ghana,,,Accra Metropolitan Area,,,ChIJ6fNExKqb3w8RGqR8UDG1n5Q,2021-03-25,11,53,-29,6,-4,10
GH,Ghana,,,Accra Metropolitan Area,,,ChIJ6fNExKqb3w8RGqR8UDG1n5Q,2021-03-26,11,58,-25,11,-2,9
GH,Ghana,,,Accra Metropolitan Area,,,ChIJ6fNExKqb3w8RGqR8UDG1n5Q,2021-03-27,10,56,-23,4,2,6
GH,Ghana,,,Accra Metropolitan Area,,,ChIJ6fNExKqb3w8RGqR8UDG1n5Q,2021-03-28,7,49,-27,-1,5,7
GH,Ghana,,,Accra Metropolitan Area,,,ChIJ6fNExKqb3w8RGqR8UDG1n5Q,2021-03-29,12,55,-28,9,-2,8
GH,Ghana,,,Accra Metropolitan Area,,,ChIJ6fNExKqb3w8RGqR8UDG1n5Q,2021-03-30,14,60,-25,11,-2,8
GH,Ghana,,,Accra Metropolitan Area,,,ChIJ6fNExKqb3w8RGqR8UDG1n5Q,2021-03-31,19,64,-23,13,-2,7
GH,Ghana,,,Accra Metropolitan Area,,,ChIJ6fNExKqb3w8RGqR8UDG1n5Q,2021-04-01,27,72,-14,23,-4,6
GH,Ghana,,,Accra Metropolitan Area,,,ChIJ6fNExKqb3w8RGqR8UDG1n5Q,2021-04-02,2,44,-27,-1,-54,21
GH,Ghana,,,Accra Metropolitan Area,,,ChIJ6fNExKqb3w8RGqR8UDG1n5Q,2021-04-03,10,57,-27,1,-8,9
GH,Ghana,,,Accra Metropolitan Area,,,ChIJ6fNExKqb3w8RGqR8UDG1n5Q,2021-04-04,15,54,-26,-1,2,5
GH,Ghana,,,Accra Metropolitan Area,,,ChIJ6fNExKqb3w8RGqR8UDG1n5Q,2021-04-05,9,42,-29,-6,-63,23
GH,Ghana,,,Accra Metropolitan Area,,,ChIJ6fNExKqb3w8RGqR8UDG1n5Q,2021-04-06,18,63,-23,18,-5,7
GH,Ghana,,,Accra Metropolitan Area,,,ChIJ6fNExKqb3w8RGqR8UDG1n5Q,2021-04-07,17,61,-25,10,-3,9
GH,Ghana,,,Accra Metropolitan Area,,,ChIJ6fNExKqb3w8RGqR8UDG1n5Q,2021-04-08,14,54,-28,7,-4,11
GH,Ghana,,,Accra Metropolitan Area,,,ChIJ6fNExKqb3w8RGqR8UDG1n5Q,2021-04-09,14,58,-22,9,-1,10
GH,Ghana,,,Accra Metropolitan Area,,,ChIJ6fNExKqb3w8RGqR8UDG1n5Q,2021-04-10,15,59,-23,5,5,7
GH,Ghana,,,Accra Metropolitan Area,,,ChIJ6fNExKqb3w8RGqR8UDG1n5Q,2021-04-11,13,55,-26,1,7,8
GH,Ghana,,,Accra Metropolitan Area,,,ChIJ6fNExKqb3w8RGqR8UDG1n5Q,2021-04-12,15,54,-30,7,-1,8
GH,Ghana,,,Accra Metropolitan Area,,,ChIJ6fNExKqb3w8RGqR8UDG1n5Q,2021-04-13,15,60,-27,7,-2,7
GH,Ghana,,,Accra Metropolitan Area,,,ChIJ6fNExKqb3w8RGqR8UDG1n5Q,2021-04-14,17,60,-26,7,-2,9
GH,Ghana,,,Accra Metropolitan Area,,,ChIJ6fNExKqb3w8RGqR8UDG1n5Q,2021-04-15,17,58,-26,6,-2,10
GH,Ghana,,,Accra Metropolitan Area,,,ChIJ6fNExKqb3w8RGqR8UDG1n5Q,2021-04-16,14,59,-23,9,1,11
GH,Ghana,,,Accra Metropolitan Area,,,ChIJ6fNExKqb3w8RGqR8UDG1n5Q,2021-04-17,14,60,-20,5,6,8
GH,Ghana,,,Accra Metropolitan Area,,,ChIJ6fNExKqb3w8RGqR8UDG1n5Q,2021-04-18,7,49,-26,-2,7,10
GH,Ghana,,,Accra Metropolitan Area,,,ChIJ6fNExKqb3w8RGqR8UDG1n5Q,2021-04-19,16,60,-26,8,-2,10
GH,Ghana,,,Accra Metropolitan Area,,,ChIJ6fNExKqb3w8RGqR8UDG1n5Q,2021-04-20,18,65,-22,9,-2,10
GH,Ghana,,,Accra Metropolitan Area,,,ChIJ6fNExKqb3w8RGqR8UDG1n5Q,2021-04-21,18,63,-26,7,-2,10
GH,Ghana,,,Accra Metropolitan Area,,,ChIJ6fNExKqb3w8RGqR8UDG1n5Q,2021-04-22,17,61,-25,6,-2,12
GH,Ghana,,,Accra Metropolitan Area,,,ChIJ6fNExKqb3w8RGqR8UDG1n5Q,2021-04-23,15,63,-19,10,0,12
GH,Ghana,,,Accra Metropolitan Area,,,ChIJ6fNExKqb3w8RGqR8UDG1n5Q,2021-04-24,16,64,-21,5,5,7
GH,Ghana,,,Accra Metropolitan Area,,,ChIJ6fNExKqb3w8RGqR8UDG1n5Q,2021-04-25,16,64,-22,2,10,8
GH,Ghana,,,Accra Metropolitan Area,,,ChIJ6fNExKqb3w8RGqR8UDG1n5Q,2021-04-26,17,62,-25,6,-1,11
GH,Ghana,,,Accra Metropolitan Area,,,ChIJ6fNExKqb3w8RGqR8UDG1n5Q,2021-04-27,19,66,-22,9,-2,10
GH,Ghana,,,Accra Metropolitan Area,,,ChIJ6fNExKqb3w8RGqR8UDG1n5Q,2021-04-28,21,69,-23,10,-2,10
GH,Ghana,,,Accra Metropolitan Area,,,ChIJ6fNExKqb3w8RGqR8UDG1n5Q,2021-04-29,21,68,-25,11,-3,11
GH,Ghana,,,Accra Metropolitan Area,,,ChIJ6fNExKqb3w8RGqR8UDG1n5Q,2021-04-30,22,72,-18,17,0,9
GH,Ghana,,,Accra Metropolitan Area,,,ChIJ6fNExKqb3w8RGqR8UDG1n5Q,2021-05-01,21,75,-13,15,2,5
GH,Ghana,,,Accra Metropolitan Area,,,ChIJ6fNExKqb3w8RGqR8UDG1n5Q,2021-05-02,20,68,-21,6,9,7
GH,Ghana,,,Accra Metropolitan Area,,,ChIJ6fNExKqb3w8RGqR8UDG1n5Q,2021-05-03,17,66,-25,4,-54,22
GH,Ghana,,,Accra Metropolitan Area,,,ChIJ6fNExKqb3w8RGqR8UDG1n5Q,2021-05-04,23,78,-20,18,2,7
GH,Ghana,,,Accra Metropolitan Area,,,ChIJ6fNExKqb3w8RGqR8UDG1n5Q,2021-05-05,26,76,-22,17,2,8
GH,Ghana,,,Accra Metropolitan Area,,,ChIJ6fNExKqb3w8RGqR8UDG1n5Q,2021-05-06,21,70,-23,15,1,10
GH,Ghana,,,Accra Metropolitan Area,,,ChIJ6fNExKqb3w8RGqR8UDG1n5Q,2021-05-07,20,71,-17,18,4,10
GH,Ghana,,,Accra Metropolitan Area,,,ChIJ6fNExKqb3w8RGqR8UDG1n5Q,2021-05-08,18,69,-23,11,6,9
GH,Ghana,,,Accra Metropolitan Area,,,ChIJ6fNExKqb3w8RGqR8UDG1n5Q,2021-05-09,30,77,-20,14,13,7
GH,Ghana,,,Accra Metropolitan Area,,,ChIJ6fNExKqb3w8RGqR8UDG1n5Q,2021-05-10,23,70,-24,17,3,8
GH,Ghana,,,Accra Metropolitan Area,,,ChIJ6fNExKqb3w8RGqR8UDG1n5Q,2021-05-11,21,71,-21,17,3,8
GH,Ghana,,,Accra Metropolitan Area,,,ChIJ6fNExKqb3w8RGqR8UDG1n5Q,2021-05-12,30,81,-22,21,3,7
GH,Ghana,,,Accra Metropolitan Area,,,ChIJ6fNExKqb3w8RGqR8UDG1n5Q,2021-05-13,18,61,-24,3,-53,24
GH,Ghana,,,Accra Metropolitan Area,,,ChIJ6fNExKqb3w8RGqR8UDG1n5Q,2021-05-14,19,71,-19,18,3,10
GH,Ghana,,,Accra Metropolitan Area,,,ChIJ6fNExKqb3w8RGqR8UDG1n5Q,2021-05-15,20,73,-21,12,7,8
GH,Ghana,,,Accra Metropolitan Area,,,ChIJ6fNExKqb3w8RGqR8UDG1n5Q,2021-05-16,20,70,-20,10,14,9
GH,Ghana,,,Accra Metropolitan Area,,,ChIJ6fNExKqb3w8RGqR8UDG1n5Q,2021-05-17,24,74,-21,18,6,8
GH,Ghana,,,Accra Metropolitan Area,,,ChIJ6fNExKqb3w8RGqR8UDG1n5Q,2021-05-18,23,76,-18,19,5,9
GH,Ghana,,,Accra Metropolitan Area,,,ChIJ6fNExKqb3w8RGqR8UDG1n5Q,2021-05-19,25,73,-19,14,5,9
GH,Ghana,,,Accra Metropolitan Area,,,ChIJ6fNExKqb3w8RGqR8UDG1n5Q,2021-05-20,22,64,-20,14,4,10
GH,Ghana,,,Accra Metropolitan Area,,,ChIJ6fNExKqb3w8RGqR8UDG1n5Q,2021-05-21,23,69,-13,21,8,10
GH,Ghana,,,Accra Metropolitan Area,,,ChIJ6fNExKqb3w8RGqR8UDG1n5Q,2021-05-22,19,68,-19,15,10,9
GH,Ghana,,,Accra Metropolitan Area,,,ChIJ6fNExKqb3w8RGqR8UDG1n5Q,2021-05-23,21,69,-17,11,17,9
GH,Ghana,,,Accra Metropolitan Area,,,ChIJ6fNExKqb3w8RGqR8UDG1n5Q,2021-05-24,25,69,-20,21,6,9
GH,Ghana,,,Accra Metropolitan Area,,,ChIJ6fNExKqb3w8RGqR8UDG1n5Q,2021-05-25,24,72,-16,23,5,8
GH,Ghana,,,Accra Metropolitan Area,,,ChIJ6fNExKqb3w8RGqR8UDG1n5Q,2021-05-26,26,70,-18,17,4,7
GH,Ghana,,,Accra Metropolitan Area,,,ChIJ6fNExKqb3w8RGqR8UDG1n5Q,2021-05-27,27,71,-17,21,4,9
GH,Ghana,,,Accra Metropolitan Area,,,ChIJ6fNExKqb3w8RGqR8UDG1n5Q,2021-05-28,28,76,-10,27,7,8
GH,Ghana,,,Accra Metropolitan Area,,,ChIJ6fNExKqb3w8RGqR8UDG1n5Q,2021-05-29,26,71,-16,21,10,6
GH,Ghana,,,Accra Metropolitan Area,,,ChIJ6fNExKqb3w8RGqR8UDG1n5Q,2021-05-30,25,70,-16,15,11,7
GH,Ghana,,,Accra Metropolitan Area,,,ChIJ6fNExKqb3w8RGqR8UDG1n5Q,2021-05-31,30,77,-16,26,7,8
GH,Ghana,,,Accra Metropolitan Area,,,ChIJ6fNExKqb3w8RGqR8UDG1n5Q,2021-06-01,28,79,-14,29,7,8
GH,Ghana,,,Accra Metropolitan Area,,,ChIJ6fNExKqb3w8RGqR8UDG1n5Q,2021-06-02,32,79,-15,25,7,8
GH,Ghana,,,Accra Metropolitan Area,,,ChIJ6fNExKqb3w8RGqR8UDG1n5Q,2021-06-03,29,74,-15,22,6,9
GH,Ghana,,,Accra Metropolitan Area,,,ChIJ6fNExKqb3w8RGqR8UDG1n5Q,2021-06-04,26,75,-12,25,8,10
GH,Ghana,,,Accra Metropolitan Area,,,ChIJ6fNExKqb3w8RGqR8UDG1n5Q,2021-06-05,25,76,-15,21,10,8
GH,Ghana,,,Accra Metropolitan Area,,,ChIJ6fNExKqb3w8RGqR8UDG1n5Q,2021-06-06,28,78,-13,19,15,8
GH,Ghana,,,Accra Metropolitan Area,,,ChIJ6fNExKqb3w8RGqR8UDG1n5Q,2021-06-07,30,76,-16,25,8,8
GH,Ghana,,,Accra Metropolitan Area,,,ChIJ6fNExKqb3w8RGqR8UDG1n5Q,2021-06-08,27,77,-10,25,8,8
GH,Ghana,,,Accra Metropolitan Area,,,ChIJ6fNExKqb3w8RGqR8UDG1n5Q,2021-06-09,32,80,-12,24,8,8
GH,Ghana,,,Accra Metropolitan Area,,,ChIJ6fNExKqb3w8RGqR8UDG1n5Q,2021-06-10,30,74,-15,23,6,9
GH,Ghana,,,Accra Metropolitan Area,,,ChIJ6fNExKqb3w8RGqR8UDG1n5Q,2021-06-11,26,72,-11,25,8,9
GH,Ghana,,,Accra Metropolitan Area,,,ChIJ6fNExKqb3w8RGqR8UDG1n5Q,2021-06-12,27,75,-14,22,9,7
GH,Ghana,,,Accra Metropolitan Area,,,ChIJ6fNExKqb3w8RGqR8UDG1n5Q,2021-06-13,29,77,-12,18,13,8
GH,Ghana,,,Accra Metropolitan Area,,,ChIJ6fNExKqb3w8RGqR8UDG1n5Q,2021-06-14,31,75,-15,25,6,8
GH,Ghana,,,Accra Metropolitan Area,,,ChIJ6fNExKqb3w8RGqR8UDG1n5Q,2021-06-15,28,80,-12,24,7,8
GH,Ghana,,,Accra Metropolitan Area,,,ChIJ6fNExKqb3w8RGqR8UDG1n5Q,2021-06-16,31,76,-16,22,4,8
GH,Ghana,,,Accra Metropolitan Area,,,ChIJ6fNExKqb3w8RGqR8UDG1n5Q,2021-06-17,30,73,-18,21,2,9
GH,Ghana,,,Accra Metropolitan Area,,,ChIJ6fNExKqb3w8RGqR8UDG1n5Q,2021-06-18,29,76,-13,26,4,9
GH,Ghana,,,Accra Metropolitan Area,,,ChIJ6fNExKqb3w8RGqR8UDG1n5Q,2021-06-19,27,76,-14,21,8,7
GH,Ghana,,,Accra Metropolitan Area,,,ChIJ6fNExKqb3w8RGqR8UDG1n5Q,2021-06-20,17,59,-23,7,2,10
GH,Ghana,,,Accra Metropolitan Area,,,ChIJ6fNExKqb3w8RGqR8UDG1n5Q,2021-06-21,26,68,-20,21,2,8
GH,Ghana,,,Accra Metropolitan Area,,,ChIJ6fNExKqb3w8RGqR8UDG1n5Q,2021-06-22,21,63,-21,18,3,9
GH,Ghana,,,Accra Metropolitan Area,,,ChIJ6fNExKqb3w8RGqR8UDG1n5Q,2021-06-23,29,72,-15,19,4,8
GH,Ghana,,,Accra Metropolitan Area,,,ChIJ6fNExKqb3w8RGqR8UDG1n5Q,2021-06-24,26,69,-9,16,1,10
GH,Ghana,,,Accra Metropolitan Area,,,ChIJ6fNExKqb3w8RGqR8UDG1n5Q,2021-06-25,28,73,-3,24,3,9
GH,Ghana,,,Accra Metropolitan Area,,,ChIJ6fNExKqb3w8RGqR8UDG1n5Q,2021-06-26,14,50,-16,14,1,9
GH,Ghana,,,Accra Metropolitan Area,,,ChIJ6fNExKqb3w8RGqR8UDG1n5Q,2021-06-27,28,77,-11,20,7,8
GH,Ghana,,,Accra Metropolitan Area,,,ChIJ6fNExKqb3w8RGqR8UDG1n5Q,2021-06-28,27,68,-10,22,2,8
GH,Ghana,,,Accra Metropolitan Area,,,ChIJ6fNExKqb3w8RGqR8UDG1n5Q,2021-06-29,25,72,-9,23,3,7
GH,Ghana,,,Accra Metropolitan Area,,,ChIJ6fNExKqb3w8RGqR8UDG1n5Q,2021-06-30,28,70,-13,21,2,8
GH,Ghana,,,Accra Metropolitan Area,,,ChIJ6fNExKqb3w8RGqR8UDG1n5Q,2021-07-01,34,77,-7,25,2,8
GH,Ghana,,,Accra Metropolitan Area,,,ChIJ6fNExKqb3w8RGqR8UDG1n5Q,2021-07-02,31,79,-7,29,5,9
GH,Ghana,,,Accra Metropolitan Area,,,ChIJ6fNExKqb3w8RGqR8UDG1n5Q,2021-07-03,28,79,-7,24,5,7
GH,Ghana,,,Accra Metropolitan Area,,,ChIJ6fNExKqb3w8RGqR8UDG1n5Q,2021-07-04,30,76,-10,20,8,8
GH,Ghana,,,Accra Metropolitan Area,,,ChIJ6fNExKqb3w8RGqR8UDG1n5Q,2021-07-05,32,77,-6,28,6,8
GH,Ghana,,,Accra Metropolitan Area,,,ChIJ6fNExKqb3w8RGqR8UDG1n5Q,2021-07-06,30,77,-1,28,6,8
GH,Ghana,,,Accra Metropolitan Area,,,ChIJ6fNExKqb3w8RGqR8UDG1n5Q,2021-07-07,33,76,-6,25,6,8
GH,Ghana,,,Accra Metropolitan Area,,,ChIJ6fNExKqb3w8RGqR8UDG1n5Q,2021-07-08,30,76,-7,23,5,9
GH,Ghana,,,Accra Metropolitan Area,,,ChIJ6fNExKqb3w8RGqR8UDG1n5Q,2021-07-09,30,78,-4,28,7,10
GH,Ghana,,,Accra Metropolitan Area,,,ChIJ6fNExKqb3w8RGqR8UDG1n5Q,2021-07-10,29,79,-4,25,7,7
GH,Ghana,,,Accra Metropolitan Area,,,ChIJ6fNExKqb3w8RGqR8UDG1n5Q,2021-07-11,28,74,-10,19,10,8
GH,Ghana,,,Accra Metropolitan Area,,,ChIJ6fNExKqb3w8RGqR8UDG1n5Q,2021-07-12,31,75,-8,24,6,8
GH,Ghana,,,Accra Metropolitan Area,,,ChIJ6fNExKqb3w8RGqR8UDG1n5Q,2021-07-13,30,78,-4,26,6,8
GH,Ghana,,,Accra Metropolitan Area,,,ChIJ6fNExKqb3w8RGqR8UDG1n5Q,2021-07-14,33,78,-6,23,6,8
GH,Ghana,,,Accra Metropolitan Area,,,ChIJ6fNExKqb3w8RGqR8UDG1n5Q,2021-07-15,31,72,-8,19,5,9
GH,Ghana,,,Accra Metropolitan Area,,,ChIJ6fNExKqb3w8RGqR8UDG1n5Q,2021-07-16,28,73,-4,25,7,9
GH,Ghana,,,Accra Metropolitan Area,,,ChIJ6fNExKqb3w8RGqR8UDG1n5Q,2021-07-17,30,80,-5,23,8,7
GH,Ghana,,,Accra Metropolitan Area,,,ChIJ6fNExKqb3w8RGqR8UDG1n5Q,2021-07-18,29,77,-9,18,9,8
GH,Ghana,,,Accra Metropolitan Area,,,ChIJ6fNExKqb3w8RGqR8UDG1n5Q,2021-07-19,37,80,-7,25,4,7
GH,Ghana,,,Accra Metropolitan Area,,,ChIJ6fNExKqb3w8RGqR8UDG1n5Q,2021-07-20,25,69,-5,8,-56,22
GH,Ghana,,,Accra Metropolitan Area,,,ChIJ6fNExKqb3w8RGqR8UDG1n5Q,2021-07-21,31,76,-6,21,4,8
GH,Ghana,,,Accra Metropolitan Area,,,ChIJ6fNExKqb3w8RGqR8UDG1n5Q,2021-07-22,31,73,-8,19,4,10
GH,Ghana,,,Accra Metropolitan Area,,,ChIJ6fNExKqb3w8RGqR8UDG1n5Q,2021-07-23,30,77,-4,25,6,10
GH,Ghana,,,Accra Metropolitan Area,,,ChIJ6fNExKqb3w8RGqR8UDG1n5Q,2021-07-24,29,75,-8,20,8,8
GH,Ghana,,,Accra Metropolitan Area,,,ChIJ6fNExKqb3w8RGqR8UDG1n5Q,2021-07-25,28,71,-13,17,8,8
GH,Ghana,,,Accra Metropolitan Area,,,ChIJ6fNExKqb3w8RGqR8UDG1n5Q,2021-07-26,31,74,-9,21,7,9
GH,Ghana,,,Accra Metropolitan Area,,,ChIJ6fNExKqb3w8RGqR8UDG1n5Q,2021-07-27,30,76,-8,22,6,9
GH,Ghana,,,Accra Metropolitan Area,,,ChIJ6fNExKqb3w8RGqR8UDG1n5Q,2021-07-28,34,80,-10,23,6,9
GH,Ghana,,,Accra Metropolitan Area,,,ChIJ6fNExKqb3w8RGqR8UDG1n5Q,2021-07-29,34,79,-10,23,5,10
GH,Ghana,,,Accra Metropolitan Area,,,ChIJ6fNExKqb3w8RGqR8UDG1n5Q,2021-07-30,33,81,-6,28,8,9
GH,Ghana,,,Accra Metropolitan Area,,,ChIJ6fNExKqb3w8RGqR8UDG1n5Q,2021-07-31,30,78,-8,23,6,7
GH,Ghana,,,Accra Metropolitan Area,,,ChIJ6fNExKqb3w8RGqR8UDG1n5Q,2021-08-01,30,76,-11,19,9,8
GH,Ghana,,,Accra Metropolitan Area,,,ChIJ6fNExKqb3w8RGqR8UDG1n5Q,2021-08-02,34,81,-13,25,5,9
GH,Ghana,,,Accra Metropolitan Area,,,ChIJ6fNExKqb3w8RGqR8UDG1n5Q,2021-08-03,38,89,-7,30,5,9
GH,Ghana,,,Accra Metropolitan Area,,,ChIJ6fNExKqb3w8RGqR8UDG1n5Q,2021-08-04,34,77,-11,14,-52,22
GH,Ghana,,,Accra Metropolitan Area,,,ChIJ6fNExKqb3w8RGqR8UDG1n5Q,2021-08-05,35,76,-16,23,4,10
GH,Ghana,,,Accra Metropolitan Area,,,ChIJ6fNExKqb3w8RGqR8UDG1n5Q,2021-08-06,32,79,-9,28,4,11
GH,Ghana,,,Accra Metropolitan Area,,,ChIJ6fNExKqb3w8RGqR8UDG1n5Q,2021-08-07,29,75,-11,23,7,8
GH,Ghana,,,Accra Metropolitan Area,,,ChIJ6fNExKqb3w8RGqR8UDG1n5Q,2021-08-08,30,74,-13,18,8,9
GH,Ghana,,,Accra Metropolitan Area,,,ChIJ6fNExKqb3w8RGqR8UDG1n5Q,2021-08-09,34,75,-15,24,2,11
GH,Ghana,,,Accra Metropolitan Area,,,ChIJ6fNExKqb3w8RGqR8UDG1n5Q,2021-08-10,33,79,-13,26,1,10
GH,Ghana,,,Accra Metropolitan Area,,,ChIJ6fNExKqb3w8RGqR8UDG1n5Q,2021-08-11,36,78,-15,25,0,10
GH,Ghana,,,Accra Metropolitan Area,,,ChIJ6fNExKqb3w8RGqR8UDG1n5Q,2021-08-12,22,66,-22,14,-6,15
GH,Ghana,,,Accra Metropolitan Area,,,ChIJ6fNExKqb3w8RGqR8UDG1n5Q,2021-08-13,29,81,-10,29,1,12
GH,Ghana,,,Accra Metropolitan Area,,,ChIJ6fNExKqb3w8RGqR8UDG1n5Q,2021-08-14,26,82,-13,24,7,8
GH,Ghana,,,Accra Metropolitan Area,,,ChIJ6fNExKqb3w8RGqR8UDG1n5Q,2021-08-15,28,78,-15,19,9,8
GH,Ghana,,,Accra Metropolitan Area,,,ChIJ6fNExKqb3w8RGqR8UDG1n5Q,2021-08-16,32,81,-17,27,0,10
GH,Ghana,,,Accra Metropolitan Area,,,ChIJ6fNExKqb3w8RGqR8UDG1n5Q,2021-08-17,30,85,-15,28,-1,11
GH,Ghana,,,Accra Metropolitan Area,,,ChIJ6fNExKqb3w8RGqR8UDG1n5Q,2021-08-18,33,83,-12,27,1,11
GH,Ghana,,,Accra Metropolitan Area,,,ChIJ6fNExKqb3w8RGqR8UDG1n5Q,2021-08-19,29,79,-16,23,0,12
GH,Ghana,,,Accra Metropolitan Area,,,ChIJ6fNExKqb3w8RGqR8UDG1n5Q,2021-08-20,28,81,-12,27,2,12
GH,Ghana,,,Accra Metropolitan Area,,,ChIJ6fNExKqb3w8RGqR8UDG1n5Q,2021-08-21,27,80,-13,22,6,9
GH,Ghana,,,Accra Metropolitan Area,,,ChIJ6fNExKqb3w8RGqR8UDG1n5Q,2021-08-22,27,75,-16,19,8,9
GH,Ghana,,,Accra Metropolitan Area,,,ChIJ6fNExKqb3w8RGqR8UDG1n5Q,2021-08-23,28,74,-17,21,1,12
GH,Ghana,,,Accra Metropolitan Area,,,ChIJ6fNExKqb3w8RGqR8UDG1n5Q,2021-08-24,31,81,-11,25,0,10
GH,Ghana,,,Accra Metropolitan Area,,,ChIJ6fNExKqb3w8RGqR8UDG1n5Q,2021-08-25,33,82,-13,24,1,11
GH,Ghana,,,Accra Metropolitan Area,,,ChIJ6fNExKqb3w8RGqR8UDG1n5Q,2021-08-26,32,79,-14,24,-1,11
GH,Ghana,,,Accra Metropolitan Area,,,ChIJ6fNExKqb3w8RGqR8UDG1n5Q,2021-08-27,31,83,-10,29,3,11
GH,Ghana,,,Accra Metropolitan Area,,,ChIJ6fNExKqb3w8RGqR8UDG1n5Q,2021-08-28,26,75,-11,22,5,8
GH,Ghana,,,Accra Metropolitan Area,,,ChIJ6fNExKqb3w8RGqR8UDG1n5Q,2021-08-29,29,78,-12,19,8,9
GH,Ghana,,,Accra Metropolitan Area,,,ChIJ6fNExKqb3w8RGqR8UDG1n5Q,2021-08-30,33,82,-14,24,1,11
GH,Ghana,,,Accra Metropolitan Area,,,ChIJ6fNExKqb3w8RGqR8UDG1n5Q,2021-08-31,31,85,-12,27,1,11
GH,Ghana,,,Accra Metropolitan Area,,,ChIJ6fNExKqb3w8RGqR8UDG1n5Q,2021-09-01,37,88,-11,29,1,10
GH,Ghana,,,Accra Metropolitan Area,,,ChIJ6fNExKqb3w8RGqR8UDG1n5Q,2021-09-02,22,65,-24,10,-7,18
GH,Ghana,,,Accra Metropolitan Area,,,ChIJ6fNExKqb3w8RGqR8UDG1n5Q,2021-09-03,33,86,-11,31,3,12
GH,Ghana,,,Accra Metropolitan Area,,,ChIJ6fNExKqb3w8RGqR8UDG1n5Q,2021-09-04,28,82,-6,26,5,8
GH,Ghana,,,Accra Metropolitan Area,,,ChIJ6fNExKqb3w8RGqR8UDG1n5Q,2021-09-05,25,73,-17,18,7,9
GH,Ghana,,,Accra Metropolitan Area,,,ChIJ6fNExKqb3w8RGqR8UDG1n5Q,2021-09-06,36,87,-15,30,2,10
GH,Ghana,,,Accra Metropolitan Area,,,ChIJ6fNExKqb3w8RGqR8UDG1n5Q,2021-09-07,34,88,-13,29,4,9
GH,Ghana,,,Accra Metropolitan Area,,,ChIJ6fNExKqb3w8RGqR8UDG1n5Q,2021-09-08,35,84,-15,25,4,10
GH,Ghana,,,Accra Metropolitan Area,,,ChIJ6fNExKqb3w8RGqR8UDG1n5Q,2021-09-09,33,79,-18,24,2,10
GH,Ghana,,,Accra Metropolitan Area,,,ChIJ6fNExKqb3w8RGqR8UDG1n5Q,2021-09-10,32,78,-11,26,5,11
GH,Ghana,,,Accra Metropolitan Area,,,ChIJ6fNExKqb3w8RGqR8UDG1n5Q,2021-09-11,29,77,-14,22,9,9
GH,Ghana,,,Accra Metropolitan Area,,,ChIJ6fNExKqb3w8RGqR8UDG1n5Q,2021-09-12,31,75,-16,17,11,9
GH,Ghana,,,Kumasi Metropolitan Area,,,ChIJ05lJ3faW2w8RUO6U-21oRA8,2021-01-01,-6,-13,-21,-16,-62,18
GH,Ghana,,,Kumasi Metropolitan Area,,,ChIJ05lJ3faW2w8RUO6U-21oRA8,2021-01-02,8,-1,-13,-4,-20,12
GH,Ghana,,,Kumasi Metropolitan Area,,,ChIJ05lJ3faW2w8RUO6U-21oRA8,2021-01-03,9,19,-13,3,-12,6
GH,Ghana,,,Kumasi Metropolitan Area,,,ChIJ05lJ3faW2w8RUO6U-21oRA8,2021-01-04,14,14,-1,8,-20,13
GH,Ghana,,,Kumasi Metropolitan Area,,,ChIJ05lJ3faW2w8RUO6U-21oRA8,2021-01-05,13,16,1,11,-20,12
GH,Ghana,,,Kumasi Metropolitan Area,,,ChIJ05lJ3faW2w8RUO6U-21oRA8,2021-01-06,17,14,-14,7,-17,15
GH,Ghana,,,Kumasi Metropolitan Area,,,ChIJ05lJ3faW2w8RUO6U-21oRA8,2021-01-07,1,2,-18,-2,-40,20
GH,Ghana,,,Kumasi Metropolitan Area,,,ChIJ05lJ3faW2w8RUO6U-21oRA8,2021-01-08,14,12,2,6,-15,12
GH,Ghana,,,Kumasi Metropolitan Area,,,ChIJ05lJ3faW2w8RUO6U-21oRA8,2021-01-09,16,6,43,14,-4,8
GH,Ghana,,,Kumasi Metropolitan Area,,,ChIJ05lJ3faW2w8RUO6U-21oRA8,2021-01-10,8,15,26,9,-11,7
GH,Ghana,,,Kumasi Metropolitan Area,,,ChIJ05lJ3faW2w8RUO6U-21oRA8,2021-01-11,18,17,23,21,-15,10
GH,Ghana,,,Kumasi Metropolitan Area,,,ChIJ05lJ3faW2w8RUO6U-21oRA8,2021-01-12,17,11,30,17,-18,9
GH,Ghana,,,Kumasi Metropolitan Area,,,ChIJ05lJ3faW2w8RUO6U-21oRA8,2021-01-13,15,8,6,9,-17,9
GH,Ghana,,,Kumasi Metropolitan Area,,,ChIJ05lJ3faW2w8RUO6U-21oRA8,2021-01-14,9,5,18,4,-22,8
GH,Ghana,,,Kumasi Metropolitan Area,,,ChIJ05lJ3faW2w8RUO6U-21oRA8,2021-01-15,6,2,23,7,-23,9
GH,Ghana,,,Kumasi Metropolitan Area,,,ChIJ05lJ3faW2w8RUO6U-21oRA8,2021-01-16,6,-7,47,6,-18,8
GH,Ghana,,,Kumasi Metropolitan Area,,,ChIJ05lJ3faW2w8RUO6U-21oRA8,2021-01-17,-1,9,43,0,-21,7
GH,Ghana,,,Kumasi Metropolitan Area,,,ChIJ05lJ3faW2w8RUO6U-21oRA8,2021-01-18,10,4,33,12,-23,7
GH,Ghana,,,Kumasi Metropolitan Area,,,ChIJ05lJ3faW2w8RUO6U-21oRA8,2021-01-19,3,-3,26,5,-25,8
GH,Ghana,,,Kumasi Metropolitan Area,,,ChIJ05lJ3faW2w8RUO6U-21oRA8,2021-01-20,9,-1,1,4,-22,8
GH,Ghana,,,Kumasi Metropolitan Area,,,ChIJ05lJ3faW2w8RUO6U-21oRA8,2021-01-21,7,-1,15,1,-22,9
GH,Ghana,,,Kumasi Metropolitan Area,,,ChIJ05lJ3faW2w8RUO6U-21oRA8,2021-01-22,5,-5,17,2,-21,8
GH,Ghana,,,Kumasi Metropolitan Area,,,ChIJ05lJ3faW2w8RUO6U-21oRA8,2021-01-23,6,-7,24,-3,-17,10
GH,Ghana,,,Kumasi Metropolitan Area,,,ChIJ05lJ3faW2w8RUO6U-21oRA8,2021-01-24,-3,9,31,-3,-22,10
GH,Ghana,,,Kumasi Metropolitan Area,,,ChIJ05lJ3faW2w8RUO6U-21oRA8,2021-01-25,8,0,13,6,-20,8
GH,Ghana,,,Kumasi Metropolitan Area,,,ChIJ05lJ3faW2w8RUO6U-21oRA8,2021-01-26,10,-1,18,4,-22,9
GH,Ghana,,,Kumasi Metropolitan Area,,,ChIJ05lJ3faW2w8RUO6U-21oRA8,2021-01-27,11,-2,1,0,-19,10
GH,Ghana,,,Kumasi Metropolitan Area,,,ChIJ05lJ3faW2w8RUO6U-21oRA8,2021-01-28,9,0,14,0,-20,9
GH,Ghana,,,Kumasi Metropolitan Area,,,ChIJ05lJ3faW2w8RUO6U-21oRA8,2021-01-29,9,-1,14,0,-21,7
GH,Ghana,,,Kumasi Metropolitan Area,,,ChIJ05lJ3faW2w8RUO6U-21oRA8,2021-01-30,9,-4,30,2,-20,4
GH,Ghana,,,Kumasi Metropolitan Area,,,ChIJ05lJ3faW2w8RUO6U-21oRA8,2021-01-31,0,14,32,-7,-24,6
GH,Ghana,,,Kumasi Metropolitan Area,,,ChIJ05lJ3faW2w8RUO6U-21oRA8,2021-02-01,8,3,17,0,-21,5
GH,Ghana,,,Kumasi Metropolitan Area,,,ChIJ05lJ3faW2w8RUO6U-21oRA8,2021-02-02,11,4,23,7,-22,5
GH,Ghana,,,Kumasi Metropolitan Area,,,ChIJ05lJ3faW2w8RUO6U-21oRA8,2021-02-03,7,1,0,1,-19,7
GH,Ghana,,,Kumasi Metropolitan Area,,,ChIJ05lJ3faW2w8RUO6U-21oRA8,2021-02-04,3,-2,1,-3,-22,7
GH,Ghana,,,Kumasi Metropolitan Area,,,ChIJ05lJ3faW2w8RUO6U-21oRA8,2021-02-05,0,-3,3,-1,-21,7
GH,Ghana,,,Kumasi Metropolitan Area,,,ChIJ05lJ3faW2w8RUO6U-21oRA8,2021-02-06,-1,-8,10,-3,-16,10
GH,Ghana,,,Kumasi Metropolitan Area,,,ChIJ05lJ3faW2w8RUO6U-21oRA8,2021-02-07,-9,3,13,-6,-21,9
GH,Ghana,,,Kumasi Metropolitan Area,,,ChIJ05lJ3faW2w8RUO6U-21oRA8,2021-02-08,2,-1,0,3,-21,7
GH,Ghana,,,Kumasi Metropolitan Area,,,ChIJ05lJ3faW2w8RUO6U-21oRA8,2021-02-09,5,2,10,7,-22,7
GH,Ghana,,,Kumasi Metropolitan Area,,,ChIJ05lJ3faW2w8RUO6U-21oRA8,2021-02-10,8,-1,-5,-2,-19,8
GH,Ghana,,,Kumasi Metropolitan Area,,,ChIJ05lJ3faW2w8RUO6U-21oRA8,2021-02-11,6,1,-1,-1,-19,8
GH,Ghana,,,Kumasi Metropolitan Area,,,ChIJ05lJ3faW2w8RUO6U-21oRA8,2021-02-12,5,1,4,-2,-18,6
GH,Ghana,,,Kumasi Metropolitan Area,,,ChIJ05lJ3faW2w8RUO6U-21oRA8,2021-02-13,0,-5,10,-6,-18,9
GH,Ghana,,,Kumasi Metropolitan Area,,,ChIJ05lJ3faW2w8RUO6U-21oRA8,2021-02-14,12,18,22,4,-21,7
GH,Ghana,,,Kumasi Metropolitan Area,,,ChIJ05lJ3faW2w8RUO6U-21oRA8,2021-02-15,4,-1,-8,4,-18,8
GH,Ghana,,,Kumasi Metropolitan Area,,,ChIJ05lJ3faW2w8RUO6U-21oRA8,2021-02-16,6,0,1,1,-20,8
GH,Ghana,,,Kumasi Metropolitan Area,,,ChIJ05lJ3faW2w8RUO6U-21oRA8,2021-02-17,7,-1,-13,-2,-15,9
GH,Ghana,,,Kumasi Metropolitan Area,,,ChIJ05lJ3faW2w8RUO6U-21oRA8,2021-02-18,9,0,1,2,-17,7
GH,Ghana,,,Kumasi Metropolitan Area,,,ChIJ05lJ3faW2w8RUO6U-21oRA8,2021-02-19,6,1,8,1,-15,7
GH,Ghana,,,Kumasi Metropolitan Area,,,ChIJ05lJ3faW2w8RUO6U-21oRA8,2021-02-20,3,-4,7,-5,-13,9
GH,Ghana,,,Kumasi Metropolitan Area,,,ChIJ05lJ3faW2w8RUO6U-21oRA8,2021-02-21,-6,8,12,-8,-19,8
GH,Ghana,,,Kumasi Metropolitan Area,,,ChIJ05lJ3faW2w8RUO6U-21oRA8,2021-02-22,6,1,-3,0,-15,8
GH,Ghana,,,Kumasi Metropolitan Area,,,ChIJ05lJ3faW2w8RUO6U-21oRA8,2021-02-23,8,2,3,1,-16,7
GH,Ghana,,,Kumasi Metropolitan Area,,,ChIJ05lJ3faW2w8RUO6U-21oRA8,2021-02-24,9,4,-6,1,-14,10
GH,Ghana,,,Kumasi Metropolitan Area,,,ChIJ05lJ3faW2w8RUO6U-21oRA8,2021-02-25,8,2,6,1,-17,10
GH,Ghana,,,Kumasi Metropolitan Area,,,ChIJ05lJ3faW2w8RUO6U-21oRA8,2021-02-26,8,2,5,2,-14,10
GH,Ghana,,,Kumasi Metropolitan Area,,,ChIJ05lJ3faW2w8RUO6U-21oRA8,2021-02-27,4,-2,6,-3,-15,11
GH,Ghana,,,Kumasi Metropolitan Area,,,ChIJ05lJ3faW2w8RUO6U-21oRA8,2021-02-28,-7,14,11,-5,-20,10
GH,Ghana,,,Kumasi Metropolitan Area,,,ChIJ05lJ3faW2w8RUO6U-21oRA8,2021-03-01,7,6,-3,6,-15,11
GH,Ghana,,,Kumasi Metropolitan Area,,,ChIJ05lJ3faW2w8RUO6U-21oRA8,2021-03-02,9,7,7,8,-15,11
GH,Ghana,,,Kumasi Metropolitan Area,,,ChIJ05lJ3faW2w8RUO6U-21oRA8,2021-03-03,12,7,-9,3,-13,12
GH,Ghana,,,Kumasi Metropolitan Area,,,ChIJ05lJ3faW2w8RUO6U-21oRA8,2021-03-04,8,8,0,3,-17,11
GH,Ghana,,,Kumasi Metropolitan Area,,,ChIJ05lJ3faW2w8RUO6U-21oRA8,2021-03-05,7,7,2,10,-17,9
GH,Ghana,,,Kumasi Metropolitan Area,,,ChIJ05lJ3faW2w8RUO6U-21oRA8,2021-03-06,6,2,11,5,-18,10
GH,Ghana,,,Kumasi Metropolitan Area,,,ChIJ05lJ3faW2w8RUO6U-21oRA8,2021-03-07,0,13,14,-11,-23,7
GH,Ghana,,,Kumasi Metropolitan Area,,,ChIJ05lJ3faW2w8RUO6U-21oRA8,2021-03-08,4,7,3,7,-49,18
GH,Ghana,,,Kumasi Metropolitan Area,,,ChIJ05lJ3faW2w8RUO6U-21oRA8,2021-03-09,15,13,19,23,-17,9
GH,Ghana,,,Kumasi Metropolitan Area,,,ChIJ05lJ3faW2w8RUO6U-21oRA8,2021-03-10,10,6,-8,8,-14,12
GH,Ghana,,,Kumasi Metropolitan Area,,,ChIJ05lJ3faW2w8RUO6U-21oRA8,2021-03-11,10,7,3,11,-15,11
GH,Ghana,,,Kumasi Metropolitan Area,,,ChIJ05lJ3faW2w8RUO6U-21oRA8,2021-03-12,8,6,5,6,-14,11
GH,Ghana,,,Kumasi Metropolitan Area,,,ChIJ05lJ3faW2w8RUO6U-21oRA8,2021-03-13,9,1,16,-1,-13,10
GH,Ghana,,,Kumasi Metropolitan Area,,,ChIJ05lJ3faW2w8RUO6U-21oRA8,2021-03-14,-12,8,5,-11,-24,13
GH,Ghana,,,Kumasi Metropolitan Area,,,ChIJ05lJ3faW2w8RUO6U-21oRA8,2021-03-15,14,14,4,11,-14,9
GH,Ghana,,,Kumasi Metropolitan Area,,,ChIJ05lJ3faW2w8RUO6U-21oRA8,2021-03-16,18,15,17,17,-16,9
GH,Ghana,,,Kumasi Metropolitan Area,,,ChIJ05lJ3faW2w8RUO6U-21oRA8,2021-03-17,21,15,-3,10,-12,11
GH,Ghana,,,Kumasi Metropolitan Area,,,ChIJ05lJ3faW2w8RUO6U-21oRA8,2021-03-18,16,14,12,12,-16,11
GH,Ghana,,,Kumasi Metropolitan Area,,,ChIJ05lJ3faW2w8RUO6U-21oRA8,2021-03-19,16,14,18,10,-13,9
GH,Ghana,,,Kumasi Metropolitan Area,,,ChIJ05lJ3faW2w8RUO6U-21oRA8,2021-03-20,12,10,32,5,-13,10
GH,Ghana,,,Kumasi Metropolitan Area,,,ChIJ05lJ3faW2w8RUO6U-21oRA8,2021-03-21,3,23,30,-2,-20,9
GH,Ghana,,,Kumasi Metropolitan Area,,,ChIJ05lJ3faW2w8RUO6U-21oRA8,2021-03-22,16,14,6,13,-12,9
GH,Ghana,,,Kumasi Metropolitan Area,,,ChIJ05lJ3faW2w8RUO6U-21oRA8,2021-03-23,17,15,12,13,-14,9
GH,Ghana,,,Kumasi Metropolitan Area,,,ChIJ05lJ3faW2w8RUO6U-21oRA8,2021-03-24,13,16,0,8,-10,11
GH,Ghana,,,Kumasi Metropolitan Area,,,ChIJ05lJ3faW2w8RUO6U-21oRA8,2021-03-25,15,16,15,7,-13,11
GH,Ghana,,,Kumasi Metropolitan Area,,,ChIJ05lJ3faW2w8RUO6U-21oRA8,2021-03-26,13,12,15,5,-12,9
GH,Ghana,,,Kumasi Metropolitan Area,,,ChIJ05lJ3faW2w8RUO6U-21oRA8,2021-03-27,9,3,26,-1,-15,10
GH,Ghana,,,Kumasi Metropolitan Area,,,ChIJ05lJ3faW2w8RUO6U-21oRA8,2021-03-28,-1,18,16,0,-23,10
GH,Ghana,,,Kumasi Metropolitan Area,,,ChIJ05lJ3faW2w8RUO6U-21oRA8,2021-03-29,16,15,9,13,-12,9
GH,Ghana,,,Kumasi Metropolitan Area,,,ChIJ05lJ3faW2w8RUO6U-21oRA8,2021-03-30,18,18,26,17,-12,10
GH,Ghana,,,Kumasi Metropolitan Area,,,ChIJ05lJ3faW2w8RUO6U-21oRA8,2021-03-31,27,25,19,18,-10,10
GH,Ghana,,,Kumasi Metropolitan Area,,,ChIJ05lJ3faW2w8RUO6U-21oRA8,2021-04-01,33,39,46,35,-15,8
GH,Ghana,,,Kumasi Metropolitan Area,,,ChIJ05lJ3faW2w8RUO6U-21oRA8,2021-04-02,5,12,13,2,-52,17
GH,Ghana,,,Kumasi Metropolitan Area,,,ChIJ05lJ3faW2w8RUO6U-21oRA8,2021-04-03,12,10,21,-4,-23,12
GH,Ghana,,,Kumasi Metropolitan Area,,,ChIJ05lJ3faW2w8RUO6U-21oRA8,2021-04-04,14,32,20,-11,-26,6
GH,Ghana,,,Kumasi Metropolitan Area,,,ChIJ05lJ3faW2w8RUO6U-21oRA8,2021-04-05,13,15,4,10,-57,20
GH,Ghana,,,Kumasi Metropolitan Area,,,ChIJ05lJ3faW2w8RUO6U-21oRA8,2021-04-06,31,29,30,32,-15,10
GH,Ghana,,,Kumasi Metropolitan Area,,,ChIJ05lJ3faW2w8RUO6U-21oRA8,2021-04-07,23,21,-3,15,-12,12
GH,Ghana,,,Kumasi Metropolitan Area,,,ChIJ05lJ3faW2w8RUO6U-21oRA8,2021-04-08,19,18,16,10,-13,13
GH,Ghana,,,Kumasi Metropolitan Area,,,ChIJ05lJ3faW2w8RUO6U-21oRA8,2021-04-09,14,16,22,5,-11,12
GH,Ghana,,,Kumasi Metropolitan Area,,,ChIJ05lJ3faW2w8RUO6U-21oRA8,2021-04-10,13,7,27,-3,-13,12
GH,Ghana,,,Kumasi Metropolitan Area,,,ChIJ05lJ3faW2w8RUO6U-21oRA8,2021-04-11,6,26,31,-4,-18,11
GH,Ghana,,,Kumasi Metropolitan Area,,,ChIJ05lJ3faW2w8RUO6U-21oRA8,2021-04-12,15,14,8,7,-11,13
GH,Ghana,,,Kumasi Metropolitan Area,,,ChIJ05lJ3faW2w8RUO6U-21oRA8,2021-04-13,18,21,19,12,-12,13
GH,Ghana,,,Kumasi Metropolitan Area,,,ChIJ05lJ3faW2w8RUO6U-21oRA8,2021-04-14,20,20,5,9,-10,14
GH,Ghana,,,Kumasi Metropolitan Area,,,ChIJ05lJ3faW2w8RUO6U-21oRA8,2021-04-15,19,17,12,9,-12,14
GH,Ghana,,,Kumasi Metropolitan Area,,,ChIJ05lJ3faW2w8RUO6U-21oRA8,2021-04-16,13,19,11,11,-11,14
GH,Ghana,,,Kumasi Metropolitan Area,,,ChIJ05lJ3faW2w8RUO6U-21oRA8,2021-04-17,9,10,13,5,-15,16
GH,Ghana,,,Kumasi Metropolitan Area,,,ChIJ05lJ3faW2w8RUO6U-21oRA8,2021-04-18,-3,24,20,-3,-22,13
GH,Ghana,,,Kumasi Metropolitan Area,,,ChIJ05lJ3faW2w8RUO6U-21oRA8,2021-04-19,17,20,4,19,-14,15
GH,Ghana,,,Kumasi Metropolitan Area,,,ChIJ05lJ3faW2w8RUO6U-21oRA8,2021-04-20,16,24,21,22,-14,14
GH,Ghana,,,Kumasi Metropolitan Area,,,ChIJ05lJ3faW2w8RUO6U-21oRA8,2021-04-21,16,20,3,11,-13,12
GH,Ghana,,,Kumasi Metropolitan Area,,,ChIJ05lJ3faW2w8RUO6U-21oRA8,2021-04-22,14,16,14,4,-19,16
GH,Ghana,,,Kumasi Metropolitan Area,,,ChIJ05lJ3faW2w8RUO6U-21oRA8,2021-04-23,17,24,37,16,-12,10
GH,Ghana,,,Kumasi Metropolitan Area,,,ChIJ05lJ3faW2w8RUO6U-21oRA8,2021-04-24,13,15,40,18,-14,7
GH,Ghana,,,Kumasi Metropolitan Area,,,ChIJ05lJ3faW2w8RUO6U-21oRA8,2021-04-25,6,34,27,13,-18,7
GH,Ghana,,,Kumasi Metropolitan Area,,,ChIJ05lJ3faW2w8RUO6U-21oRA8,2021-04-26,10,19,9,16,-13,11
GH,Ghana,,,Kumasi Metropolitan Area,,,ChIJ05lJ3faW2w8RUO6U-21oRA8,2021-04-27,9,18,14,17,-16,11
GH,Ghana,,,Kumasi Metropolitan Area,,,ChIJ05lJ3faW2w8RUO6U-21oRA8,2021-04-28,20,31,0,21,-13,9
GH,Ghana,,,Kumasi Metropolitan Area,,,ChIJ05lJ3faW2w8RUO6U-21oRA8,2021-04-29,17,29,9,25,-16,8
GH,Ghana,,,Kumasi Metropolitan Area,,,ChIJ05lJ3faW2w8RUO6U-21oRA8,2021-04-30,16,26,2,25,-16,6
GH,Ghana,,,Kumasi Metropolitan Area,,,ChIJ05lJ3faW2w8RUO6U-21oRA8,2021-05-01,14,19,2,12,-21,4
GH,Ghana,,,Kumasi Metropolitan Area,,,ChIJ05lJ3faW2w8RUO6U-21oRA8,2021-05-02,2,30,-3,5,-27,3
GH,Ghana,,,Kumasi Metropolitan Area,,,ChIJ05lJ3faW2w8RUO6U-21oRA8,2021-05-03,12,24,-11,20,-49,12
GH,Ghana,,,Kumasi Metropolitan Area,,,ChIJ05lJ3faW2w8RUO6U-21oRA8,2021-05-04,23,38,15,35,-14,5
GH,Ghana,,,Kumasi Metropolitan Area,,,ChIJ05lJ3faW2w8RUO6U-21oRA8,2021-05-05,20,36,-5,25,-12,6
GH,Ghana,,,Kumasi Metropolitan Area,,,ChIJ05lJ3faW2w8RUO6U-21oRA8,2021-05-06,17,30,11,20,-15,5
GH,Ghana,,,Kumasi Metropolitan Area,,,ChIJ05lJ3faW2w8RUO6U-21oRA8,2021-05-07,14,28,8,24,-11,6
GH,Ghana,,,Kumasi Metropolitan Area,,,ChIJ05lJ3faW2w8RUO6U-21oRA8,2021-05-08,18,26,28,16,-14,5
GH,Ghana,,,Kumasi Metropolitan Area,,,ChIJ05lJ3faW2w8RUO6U-21oRA8,2021-05-09,17,49,28,16,-20,5
GH,Ghana,,,Kumasi Metropolitan Area,,,ChIJ05lJ3faW2w8RUO6U-21oRA8,2021-05-10,19,36,29,28,-12,7
GH,Ghana,,,Kumasi Metropolitan Area,,,ChIJ05lJ3faW2w8RUO6U-21oRA8,2021-05-11,27,40,43,30,-13,7
GH,Ghana,,,Kumasi Metropolitan Area,,,ChIJ05lJ3faW2w8RUO6U-21oRA8,2021-05-12,29,43,25,31,-11,8
GH,Ghana,,,Kumasi Metropolitan Area,,,ChIJ05lJ3faW2w8RUO6U-21oRA8,2021-05-13,14,24,22,12,-50,18
GH,Ghana,,,Kumasi Metropolitan Area,,,ChIJ05lJ3faW2w8RUO6U-21oRA8,2021-05-14,20,27,29,18,-15,10
GH,Ghana,,,Kumasi Metropolitan Area,,,ChIJ05lJ3faW2w8RUO6U-21oRA8,2021-05-15,21,20,38,9,-17,8
GH,Ghana,,,Kumasi Metropolitan Area,,,ChIJ05lJ3faW2w8RUO6U-21oRA8,2021-05-16,12,42,42,14,-23,8
GH,Ghana,,,Kumasi Metropolitan Area,,,ChIJ05lJ3faW2w8RUO6U-21oRA8,2021-05-17,28,37,38,27,-11,7
GH,Ghana,,,Kumasi Metropolitan Area,,,ChIJ05lJ3faW2w8RUO6U-21oRA8,2021-05-18,28,37,39,26,-11,7
GH,Ghana,,,Kumasi Metropolitan Area,,,ChIJ05lJ3faW2w8RUO6U-21oRA8,2021-05-19,30,36,17,20,-7,9
GH,Ghana,,,Kumasi Metropolitan Area,,,ChIJ05lJ3faW2w8RUO6U-21oRA8,2021-05-20,24,32,26,21,-12,9
GH,Ghana,,,Kumasi Metropolitan Area,,,ChIJ05lJ3faW2w8RUO6U-21oRA8,2021-05-21,27,36,33,22,-8,8
GH,Ghana,,,Kumasi Metropolitan Area,,,ChIJ05lJ3faW2w8RUO6U-21oRA8,2021-05-22,23,26,45,22,-11,8
GH,Ghana,,,Kumasi Metropolitan Area,,,ChIJ05lJ3faW2w8RUO6U-21oRA8,2021-05-23,11,38,40,8,-21,7
GH,Ghana,,,Kumasi Metropolitan Area,,,ChIJ05lJ3faW2w8RUO6U-21oRA8,2021-05-24,30,36,26,30,-9,7
GH,Ghana,,,Kumasi Metropolitan Area,,,ChIJ05lJ3faW2w8RUO6U-21oRA8,2021-05-25,29,36,36,30,-9,8
GH,Ghana,,,Kumasi Metropolitan Area,,,ChIJ05lJ3faW2w8RUO6U-21oRA8,2021-05-26,34,37,23,21,-6,7
GH,Ghana,,,Kumasi Metropolitan Area,,,ChIJ05lJ3faW2w8RUO6U-21oRA8,2021-05-27,36,41,39,28,-10,8
GH,Ghana,,,Kumasi Metropolitan Area,,,ChIJ05lJ3faW2w8RUO6U-21oRA8,2021-05-28,38,44,43,36,-6,7
GH,Ghana,,,Kumasi Metropolitan Area,,,ChIJ05lJ3faW2w8RUO6U-21oRA8,2021-05-29,38,33,58,33,-13,6
GH,Ghana,,,Kumasi Metropolitan Area,,,ChIJ05lJ3faW2w8RUO6U-21oRA8,2021-05-30,23,47,49,22,-23,8
GH,Ghana,,,Kumasi Metropolitan Area,,,ChIJ05lJ3faW2w8RUO6U-21oRA8,2021-05-31,37,46,36,34,-8,8
GH,Ghana,,,Kumasi Metropolitan Area,,,ChIJ05lJ3faW2w8RUO6U-21oRA8,2021-06-01,40,47,49,38,-9,8
GH,Ghana,,,Kumasi Metropolitan Area,,,ChIJ05lJ3faW2w8RUO6U-21oRA8,2021-06-02,39,46,28,31,-7,8
GH,Ghana,,,Kumasi Metropolitan Area,,,ChIJ05lJ3faW2w8RUO6U-21oRA8,2021-06-03,35,43,43,31,-10,9
GH,Ghana,,,Kumasi Metropolitan Area,,,ChIJ05lJ3faW2w8RUO6U-21oRA8,2021-06-04,34,36,49,30,-8,11
GH,Ghana,,,Kumasi Metropolitan Area,,,ChIJ05lJ3faW2w8RUO6U-21oRA8,2021-06-05,30,29,65,33,-12,9
GH,Ghana,,,Kumasi Metropolitan Area,,,ChIJ05lJ3faW2w8RUO6U-21oRA8,2021-06-06,20,46,57,22,-19,9
GH,Ghana,,,Kumasi Metropolitan Area,,,ChIJ05lJ3faW2w8RUO6U-21oRA8,2021-06-07,34,39,28,36,-7,8
GH,Ghana,,,Kumasi Metropolitan Area,,,ChIJ05lJ3faW2w8RUO6U-21oRA8,2021-06-08,38,47,56,35,-5,8
GH,Ghana,,,Kumasi Metropolitan Area,,,ChIJ05lJ3faW2w8RUO6U-21oRA8,2021-06-09,38,43,31,29,-2,9
GH,Ghana,,,Kumasi Metropolitan Area,,,ChIJ05lJ3faW2w8RUO6U-21oRA8,2021-06-10,32,41,44,23,-7,9
GH,Ghana,,,Kumasi Metropolitan Area,,,ChIJ05lJ3faW2w8RUO6U-21oRA8,2021-06-11,34,40,44,30,-4,9
GH,Ghana,,,Kumasi Metropolitan Area,,,ChIJ05lJ3faW2w8RUO6U-21oRA8,2021-06-12,28,29,52,25,-10,10
GH,Ghana,,,Kumasi Metropolitan Area,,,ChIJ05lJ3faW2w8RUO6U-21oRA8,2021-06-13,21,46,60,23,-17,9
GH,Ghana,,,Kumasi Metropolitan Area,,,ChIJ05lJ3faW2w8RUO6U-21oRA8,2021-06-14,31,39,29,29,-8,8
GH,Ghana,,,Kumasi Metropolitan Area,,,ChIJ05lJ3faW2w8RUO6U-21oRA8,2021-06-15,31,42,38,28,-9,8
GH,Ghana,,,Kumasi Metropolitan Area,,,ChIJ05lJ3faW2w8RUO6U-21oRA8,2021-06-16,28,35,19,14,-8,10
GH,Ghana,,,Kumasi Metropolitan Area,,,ChIJ05lJ3faW2w8RUO6U-21oRA8,2021-06-17,34,41,39,20,-10,9
GH,Ghana,,,Kumasi Metropolitan Area,,,ChIJ05lJ3faW2w8RUO6U-21oRA8,2021-06-18,31,37,38,21,-9,9
GH,Ghana,,,Kumasi Metropolitan Area,,,ChIJ05lJ3faW2w8RUO6U-21oRA8,2021-06-19,22,26,45,21,-14,9
GH,Ghana,,,Kumasi Metropolitan Area,,,ChIJ05lJ3faW2w8RUO6U-21oRA8,2021-06-20,12,39,40,14,-24,11
GH,Ghana,,,Kumasi Metropolitan Area,,,ChIJ05lJ3faW2w8RUO6U-21oRA8,2021-06-21,25,35,24,19,-10,9
GH,Ghana,,,Kumasi Metropolitan Area,,,ChIJ05lJ3faW2w8RUO6U-21oRA8,2021-06-22,30,37,37,25,-8,9
GH,Ghana,,,Kumasi Metropolitan Area,,,ChIJ05lJ3faW2w8RUO6U-21oRA8,2021-06-23,27,33,13,15,-7,12
GH,Ghana,,,Kumasi Metropolitan Area,,,ChIJ05lJ3faW2w8RUO6U-21oRA8,2021-06-24,25,32,33,17,-14,11
GH,Ghana,,,Kumasi Metropolitan Area,,,ChIJ05lJ3faW2w8RUO6U-21oRA8,2021-06-25,22,31,33,19,-10,13
GH,Ghana,,,Kumasi Metropolitan Area,,,ChIJ05lJ3faW2w8RUO6U-21oRA8,2021-06-26,19,20,32,18,-14,14
GH,Ghana,,,Kumasi Metropolitan Area,,,ChIJ05lJ3faW2w8RUO6U-21oRA8,2021-06-27,16,42,38,16,-19,11
GH,Ghana,,,Kumasi Metropolitan Area,,,ChIJ05lJ3faW2w8RUO6U-21oRA8,2021-06-28,24,36,21,22,-9,10
GH,Ghana,,,Kumasi Metropolitan Area,,,ChIJ05lJ3faW2w8RUO6U-21oRA8,2021-06-29,25,36,27,20,-10,11
GH,Ghana,,,Kumasi Metropolitan Area,,,ChIJ05lJ3faW2w8RUO6U-21oRA8,2021-06-30,25,37,7,16,-7,15
GH,Ghana,,,Kumasi Metropolitan Area,,,ChIJ05lJ3faW2w8RUO6U-21oRA8,2021-07-01,33,45,35,27,-10,12
GH,Ghana,,,Kumasi Metropolitan Area,,,ChIJ05lJ3faW2w8RUO6U-21oRA8,2021-07-02,29,36,34,21,-8,13
GH,Ghana,,,Kumasi Metropolitan Area,,,ChIJ05lJ3faW2w8RUO6U-21oRA8,2021-07-03,29,27,58,29,-13,10
GH,Ghana,,,Kumasi Metropolitan Area,,,ChIJ05lJ3faW2w8RUO6U-21oRA8,2021-07-04,21,46,49,22,-21,10
GH,Ghana,,,Kumasi Metropolitan Area,,,ChIJ05lJ3faW2w8RUO6U-21oRA8,2021-07-05,30,34,38,28,-7,10
GH,Ghana,,,Kumasi Metropolitan Area,,,ChIJ05lJ3faW2w8RUO6U-21oRA8,2021-07-06,32,37,47,27,-4,10
GH,Ghana,,,Kumasi Metropolitan Area,,,ChIJ05lJ3faW2w8RUO6U-21oRA8,2021-07-07,31,35,22,23,-2,10
GH,Ghana,,,Kumasi Metropolitan Area,,,ChIJ05lJ3faW2w8RUO6U-21oRA8,2021-07-08,31,34,45,23,-6,10
GH,Ghana,,,Kumasi Metropolitan Area,,,ChIJ05lJ3faW2w8RUO6U-21oRA8,2021-07-09,34,35,42,30,-3,10
GH,Ghana,,,Kumasi Metropolitan Area,,,ChIJ05lJ3faW2w8RUO6U-21oRA8,2021-07-10,28,22,49,17,-10,11
GH,Ghana,,,Kumasi Metropolitan Area,,,ChIJ05lJ3faW2w8RUO6U-21oRA8,2021-07-11,21,42,48,16,-17,11
GH,Ghana,,,Kumasi Metropolitan Area,,,ChIJ05lJ3faW2w8RUO6U-21oRA8,2021-07-12,28,29,33,29,-5,9
GH,Ghana,,,Kumasi Metropolitan Area,,,ChIJ05lJ3faW2w8RUO6U-21oRA8,2021-07-13,29,30,45,27,-6,10
GH,Ghana,,,Kumasi Metropolitan Area,,,ChIJ05lJ3faW2w8RUO6U-21oRA8,2021-07-14,34,38,26,28,-2,11
GH,Ghana,,,Kumasi Metropolitan Area,,,ChIJ05lJ3faW2w8RUO6U-21oRA8,2021-07-15,26,32,27,26,-8,12
GH,Ghana,,,Kumasi Metropolitan Area,,,ChIJ05lJ3faW2w8RUO6U-21oRA8,2021-07-16,32,36,36,29,-3,11
GH,Ghana,,,Kumasi Metropolitan Area,,,ChIJ05lJ3faW2w8RUO6U-21oRA8,2021-07-17,24,23,39,17,-13,12
GH,Ghana,,,Kumasi Metropolitan Area,,,ChIJ05lJ3faW2w8RUO6U-21oRA8,2021-07-18,23,52,47,18,-17,11
GH,Ghana,,,Kumasi Metropolitan Area,,,ChIJ05lJ3faW2w8RUO6U-21oRA8,2021-07-19,38,47,37,32,-8,10
GH,Ghana,,,Kumasi Metropolitan Area,,,ChIJ05lJ3faW2w8RUO6U-21oRA8,2021-07-20,22,31,39,18,-49,21
GH,Ghana,,,Kumasi Metropolitan Area,,,ChIJ05lJ3faW2w8RUO6U-21oRA8,2021-07-21,36,40,20,28,-7,12
GH,Ghana,,,Kumasi Metropolitan Area,,,ChIJ05lJ3faW2w8RUO6U-21oRA8,2021-07-22,31,37,40,27,-9,11
GH,Ghana,,,Kumasi Metropolitan Area,,,ChIJ05lJ3faW2w8RUO6U-21oRA8,2021-07-23,33,36,39,29,-5,10
GH,Ghana,,,Kumasi Metropolitan Area,,,ChIJ05lJ3faW2w8RUO6U-21oRA8,2021-07-24,25,24,40,15,-13,11
GH,Ghana,,,Kumasi Metropolitan Area,,,ChIJ05lJ3faW2w8RUO6U-21oRA8,2021-07-25,22,44,42,18,-19,10
GH,Ghana,,,Kumasi Metropolitan Area,,,ChIJ05lJ3faW2w8RUO6U-21oRA8,2021-07-26,31,36,22,32,-6,11
GH,Ghana,,,Kumasi Metropolitan Area,,,ChIJ05lJ3faW2w8RUO6U-21oRA8,2021-07-27,33,38,37,33,-5,12
GH,Ghana,,,Kumasi Metropolitan Area,,,ChIJ05lJ3faW2w8RUO6U-21oRA8,2021-07-28,37,41,23,31,-2,12
GH,Ghana,,,Kumasi Metropolitan Area,,,ChIJ05lJ3faW2w8RUO6U-21oRA8,2021-07-29,36,40,35,30,-5,12
GH,Ghana,,,Kumasi Metropolitan Area,,,ChIJ05lJ3faW2w8RUO6U-21oRA8,2021-07-30,37,38,38,31,-2,10
GH,Ghana,,,Kumasi Metropolitan Area,,,ChIJ05lJ3faW2w8RUO6U-21oRA8,2021-07-31,32,25,50,27,-12,10
GH,Ghana,,,Kumasi Metropolitan Area,,,ChIJ05lJ3faW2w8RUO6U-21oRA8,2021-08-01,29,48,50,22,-18,9
GH,Ghana,,,Kumasi Metropolitan Area,,,ChIJ05lJ3faW2w8RUO6U-21oRA8,2021-08-02,34,39,27,35,-6,14
GH,Ghana,,,Kumasi Metropolitan Area,,,ChIJ05lJ3faW2w8RUO6U-21oRA8,2021-08-03,37,43,43,39,-7,14
GH,Ghana,,,Kumasi Metropolitan Area,,,ChIJ05lJ3faW2w8RUO6U-21oRA8,2021-08-04,27,29,11,26,-41,23
GH,Ghana,,,Kumasi Metropolitan Area,,,ChIJ05lJ3faW2w8RUO6U-21oRA8,2021-08-05,35,39,32,41,-8,14
GH,Ghana,,,Kumasi Metropolitan Area,,,ChIJ05lJ3faW2w8RUO6U-21oRA8,2021-08-06,34,33,33,35,-5,14
GH,Ghana,,,Kumasi Metropolitan Area,,,ChIJ05lJ3faW2w8RUO6U-21oRA8,2021-08-07,31,25,35,32,-11,13
GH,Ghana,,,Kumasi Metropolitan Area,,,ChIJ05lJ3faW2w8RUO6U-21oRA8,2021-08-08,24,38,32,22,-19,12
GH,Ghana,,,Kumasi Metropolitan Area,,,ChIJ05lJ3faW2w8RUO6U-21oRA8,2021-08-09,31,30,31,39,-11,16
GH,Ghana,,,Kumasi Metropolitan Area,,,ChIJ05lJ3faW2w8RUO6U-21oRA8,2021-08-10,37,38,39,44,-10,15
GH,Ghana,,,Kumasi Metropolitan Area,,,ChIJ05lJ3faW2w8RUO6U-21oRA8,2021-08-11,40,39,15,38,-8,16
GH,Ghana,,,Kumasi Metropolitan Area,,,ChIJ05lJ3faW2w8RUO6U-21oRA8,2021-08-12,34,34,28,41,-14,16
GH,Ghana,,,Kumasi Metropolitan Area,,,ChIJ05lJ3faW2w8RUO6U-21oRA8,2021-08-13,39,34,33,39,-9,15
GH,Ghana,,,Kumasi Metropolitan Area,,,ChIJ05lJ3faW2w8RUO6U-21oRA8,2021-08-14,33,24,35,32,-14,12
GH,Ghana,,,Kumasi Metropolitan Area,,,ChIJ05lJ3faW2w8RUO6U-21oRA8,2021-08-15,27,44,40,26,-21,11
GH,Ghana,,,Kumasi Metropolitan Area,,,ChIJ05lJ3faW2w8RUO6U-21oRA8,2021-08-16,35,33,32,45,-12,15
GH,Ghana,,,Kumasi Metropolitan Area,,,ChIJ05lJ3faW2w8RUO6U-21oRA8,2021-08-17,36,36,49,47,-14,15
GH,Ghana,,,Kumasi Metropolitan Area,,,ChIJ05lJ3faW2w8RUO6U-21oRA8,2021-08-18,40,37,23,42,-7,15
GH,Ghana,,,Kumasi Metropolitan Area,,,ChIJ05lJ3faW2w8RUO6U-21oRA8,2021-08-19,35,32,33,38,-13,16
GH,Ghana,,,Kumasi Metropolitan Area,,,ChIJ05lJ3faW2w8RUO6U-21oRA8,2021-08-20,36,34,33,40,-9,14
GH,Ghana,,,Kumasi Metropolitan Area,,,ChIJ05lJ3faW2w8RUO6U-21oRA8,2021-08-21,26,18,35,36,-17,15
GH,Ghana,,,Kumasi Metropolitan Area,,,ChIJ05lJ3faW2w8RUO6U-21oRA8,2021-08-22,20,39,27,32,-21,12
GH,Ghana,,,Kumasi Metropolitan Area,,,ChIJ05lJ3faW2w8RUO6U-21oRA8,2021-08-23,28,27,23,42,-13,15
GH,Ghana,,,Kumasi Metropolitan Area,,,ChIJ05lJ3faW2w8RUO6U-21oRA8,2021-08-24,31,31,38,40,-12,14
GH,Ghana,,,Kumasi Metropolitan Area,,,ChIJ05lJ3faW2w8RUO6U-21oRA8,2021-08-25,37,36,22,37,-9,15
GH,Ghana,,,Kumasi Metropolitan Area,,,ChIJ05lJ3faW2w8RUO6U-21oRA8,2021-08-26,36,37,38,38,-13,14
GH,Ghana,,,Kumasi Metropolitan Area,,,ChIJ05lJ3faW2w8RUO6U-21oRA8,2021-08-27,40,40,39,41,-10,14
GH,Ghana,,,Kumasi Metropolitan Area,,,ChIJ05lJ3faW2w8RUO6U-21oRA8,2021-08-28,31,28,40,31,-11,13
GH,Ghana,,,Kumasi Metropolitan Area,,,ChIJ05lJ3faW2w8RUO6U-21oRA8,2021-08-29,32,51,51,30,-14,11
GH,Ghana,,,Kumasi Metropolitan Area,,,ChIJ05lJ3faW2w8RUO6U-21oRA8,2021-08-30,35,38,31,39,-14,15
GH,Ghana,,,Kumasi Metropolitan Area,,,ChIJ05lJ3faW2w8RUO6U-21oRA8,2021-08-31,43,46,49,46,-12,14
GH,Ghana,,,Kumasi Metropolitan Area,,,ChIJ05lJ3faW2w8RUO6U-21oRA8,2021-09-01,46,49,27,41,-9,14
GH,Ghana,,,Kumasi Metropolitan Area,,,ChIJ05lJ3faW2w8RUO6U-21oRA8,2021-09-02,29,26,21,19,-19,23
GH,Ghana,,,Kumasi Metropolitan Area,,,ChIJ05lJ3faW2w8RUO6U-21oRA8,2021-09-03,39,40,34,33,-7,16
GH,Ghana,,,Kumasi Metropolitan Area,,,ChIJ05lJ3faW2w8RUO6U-21oRA8,2021-09-04,38,35,41,27,-9,14
GH,Ghana,,,Kumasi Metropolitan Area,,,ChIJ05lJ3faW2w8RUO6U-21oRA8,2021-09-05,29,52,46,12,-14,12
GH,Ghana,,,Kumasi Metropolitan Area,,,ChIJ05lJ3faW2w8RUO6U-21oRA8,2021-09-06,40,41,26,40,-10,14
GH,Ghana,,,Kumasi Metropolitan Area,,,ChIJ05lJ3faW2w8RUO6U-21oRA8,2021-09-07,40,45,40,40,-8,14
GH,Ghana,,,Kumasi Metropolitan Area,,,ChIJ05lJ3faW2w8RUO6U-21oRA8,2021-09-08,41,43,23,29,-5,15
GH,Ghana,,,Kumasi Metropolitan Area,,,ChIJ05lJ3faW2w8RUO6U-21oRA8,2021-09-09,37,38,36,31,-10,15
GH,Ghana,,,Kumasi Metropolitan Area,,,ChIJ05lJ3faW2w8RUO6U-21oRA8,2021-09-10,41,30,37,39,-3,14
GH,Ghana,,,Kumasi Metropolitan Area,,,ChIJ05lJ3faW2w8RUO6U-21oRA8,2021-09-11,33,19,38,39,-9,14
GH,Ghana,,,Kumasi Metropolitan Area,,,ChIJ05lJ3faW2w8RUO6U-21oRA8,2021-09-12,26,34,49,29,-17,12
