country_region_code,country_region,sub_region_1,sub_region_2,metro_area,iso_3166_2_code,census_fips_code,place_id,date,retail_and_recreation_percent_change_from_baseline,grocery_and_pharmacy_percent_change_from_baseline,parks_percent_change_from_baseline,transit_stations_percent_change_from_baseline,workplaces_percent_change_from_baseline,residential_percent_change_from_baseline
LI,Liechtenstein,,,,,,ChIJ_S9HHUQxm0cRibFa3Ta16mA,2021-01-01,,,,-56,-87,
LI,Liechtenstein,,,,,,ChIJ_S9HHUQxm0cRibFa3Ta16mA,2021-01-02,,,,-31,,
LI,Liechtenstein,,,,,,ChIJ_S9HHUQxm0cRibFa3Ta16mA,2021-01-03,,,,-39,,
LI,Liechtenstein,,,,,,ChIJ_S9HHUQxm0cRibFa3Ta16mA,2021-01-04,,,,-31,-48,
LI,Liechtenstein,,,,,,ChIJ_S9HHUQxm0cRibFa3Ta16mA,2021-01-05,,,,-42,-48,
LI,Liechtenstein,,,,,,ChIJ_S9HHUQxm0cRibFa3Ta16mA,2021-01-06,,,,-59,-69,
LI,Liechtenstein,,,,,,ChIJ_S9HHUQxm0cRibFa3Ta16mA,2021-01-07,,,,-34,-36,
LI,Liechtenstein,,,,,,ChIJ_S9HHUQxm0cRibFa3Ta16mA,2021-01-08,,,,-36,-35,
LI,Liechtenstein,,,,,,ChIJ_S9HHUQxm0cRibFa3Ta16mA,2021-01-09,,,,-21,,
LI,Liechtenstein,,,,,,ChIJ_S9HHUQxm0cRibFa3Ta16mA,2021-01-10,,,,-23,,
LI,Liechtenstein,,,,,,ChIJ_S9HHUQxm0cRibFa3Ta16mA,2021-01-11,,,,-24,-18,
LI,Liechtenstein,,,,,,ChIJ_S9HHUQxm0cRibFa3Ta16mA,2021-01-12,,,,-37,-19,
LI,Liechtenstein,,,,,,ChIJ_S9HHUQxm0cRibFa3Ta16mA,2021-01-13,,,,-34,-17,
LI,Liechtenstein,,,,,,ChIJ_S9HHUQxm0cRibFa3Ta16mA,2021-01-14,,,,-15,-22,
LI,Liechtenstein,,,,,,ChIJ_S9HHUQxm0cRibFa3Ta16mA,2021-01-15,-52,,,-10,-26,
LI,Liechtenstein,,,,,,ChIJ_S9HHUQxm0cRibFa3Ta16mA,2021-01-16,-54,,,-24,,
LI,Liechtenstein,,,,,,ChIJ_S9HHUQxm0cRibFa3Ta16mA,2021-01-17,,,,-47,,
LI,Liechtenstein,,,,,,ChIJ_S9HHUQxm0cRibFa3Ta16mA,2021-01-18,,,,-15,-26,
LI,Liechtenstein,,,,,,ChIJ_S9HHUQxm0cRibFa3Ta16mA,2021-01-19,,,,-30,-21,
LI,Liechtenstein,,,,,,ChIJ_S9HHUQxm0cRibFa3Ta16mA,2021-01-20,,,,-37,-22,
LI,Liechtenstein,,,,,,ChIJ_S9HHUQxm0cRibFa3Ta16mA,2021-01-21,,,,-37,-20,
LI,Liechtenstein,,,,,,ChIJ_S9HHUQxm0cRibFa3Ta16mA,2021-01-22,,,,-29,-20,
LI,Liechtenstein,,,,,,ChIJ_S9HHUQxm0cRibFa3Ta16mA,2021-01-23,-47,,,-29,,
LI,Liechtenstein,,,,,,ChIJ_S9HHUQxm0cRibFa3Ta16mA,2021-01-24,,,,-20,,
LI,Liechtenstein,,,,,,ChIJ_S9HHUQxm0cRibFa3Ta16mA,2021-01-25,,,,-33,-24,
LI,Liechtenstein,,,,,,ChIJ_S9HHUQxm0cRibFa3Ta16mA,2021-01-26,,,,-32,-20,
LI,Liechtenstein,,,,,,ChIJ_S9HHUQxm0cRibFa3Ta16mA,2021-01-27,,,,-34,-20,
LI,Liechtenstein,,,,,,ChIJ_S9HHUQxm0cRibFa3Ta16mA,2021-01-28,,,,-35,-24,
LI,Liechtenstein,,,,,,ChIJ_S9HHUQxm0cRibFa3Ta16mA,2021-01-29,-48,,,-31,-18,
LI,Liechtenstein,,,,,,ChIJ_S9HHUQxm0cRibFa3Ta16mA,2021-01-30,,,,-45,,
LI,Liechtenstein,,,,,,ChIJ_S9HHUQxm0cRibFa3Ta16mA,2021-01-31,,,,-40,,
LI,Liechtenstein,,,,,,ChIJ_S9HHUQxm0cRibFa3Ta16mA,2021-02-01,,,,-26,-45,
LI,Liechtenstein,,,,,,ChIJ_S9HHUQxm0cRibFa3Ta16mA,2021-02-02,,,,-58,-66,
LI,Liechtenstein,,,,,,ChIJ_S9HHUQxm0cRibFa3Ta16mA,2021-02-03,,,,-29,-19,
LI,Liechtenstein,,,,,,ChIJ_S9HHUQxm0cRibFa3Ta16mA,2021-02-04,,,,-19,-18,
LI,Liechtenstein,,,,,,ChIJ_S9HHUQxm0cRibFa3Ta16mA,2021-02-05,-40,,,-17,-18,
LI,Liechtenstein,,,,,,ChIJ_S9HHUQxm0cRibFa3Ta16mA,2021-02-06,-46,,,-21,,
LI,Liechtenstein,,,,,,ChIJ_S9HHUQxm0cRibFa3Ta16mA,2021-02-07,,,,-55,,
LI,Liechtenstein,,,,,,ChIJ_S9HHUQxm0cRibFa3Ta16mA,2021-02-08,,,,-15,-23,
LI,Liechtenstein,,,,,,ChIJ_S9HHUQxm0cRibFa3Ta16mA,2021-02-09,,,,-28,-20,
LI,Liechtenstein,,,,,,ChIJ_S9HHUQxm0cRibFa3Ta16mA,2021-02-10,,,,-39,-19,
LI,Liechtenstein,,,,,,ChIJ_S9HHUQxm0cRibFa3Ta16mA,2021-02-11,,,,-27,-19,
LI,Liechtenstein,,,,,,ChIJ_S9HHUQxm0cRibFa3Ta16mA,2021-02-12,-47,,,-23,-17,
LI,Liechtenstein,,,,,,ChIJ_S9HHUQxm0cRibFa3Ta16mA,2021-02-13,-52,,,-26,,
LI,Liechtenstein,,,,,,ChIJ_S9HHUQxm0cRibFa3Ta16mA,2021-02-14,,,,-9,,
LI,Liechtenstein,,,,,,ChIJ_S9HHUQxm0cRibFa3Ta16mA,2021-02-15,,,,-22,-36,
LI,Liechtenstein,,,,,,ChIJ_S9HHUQxm0cRibFa3Ta16mA,2021-02-16,,,,-39,-42,
LI,Liechtenstein,,,,,,ChIJ_S9HHUQxm0cRibFa3Ta16mA,2021-02-17,,,,-31,-24,
LI,Liechtenstein,,,,,,ChIJ_S9HHUQxm0cRibFa3Ta16mA,2021-02-18,,,,-26,-24,
LI,Liechtenstein,,,,,,ChIJ_S9HHUQxm0cRibFa3Ta16mA,2021-02-19,-40,,,-24,-25,
LI,Liechtenstein,,,,,,ChIJ_S9HHUQxm0cRibFa3Ta16mA,2021-02-20,-41,,,-9,,
LI,Liechtenstein,,,,,,ChIJ_S9HHUQxm0cRibFa3Ta16mA,2021-02-21,,,,-9,,
LI,Liechtenstein,,,,,,ChIJ_S9HHUQxm0cRibFa3Ta16mA,2021-02-22,,,,-14,-19,
LI,Liechtenstein,,,,,,ChIJ_S9HHUQxm0cRibFa3Ta16mA,2021-02-23,,,,-22,-18,
LI,Liechtenstein,,,,,,ChIJ_S9HHUQxm0cRibFa3Ta16mA,2021-02-24,,,,-28,-17,
LI,Liechtenstein,,,,,,ChIJ_S9HHUQxm0cRibFa3Ta16mA,2021-02-25,,,,-16,-16,
LI,Liechtenstein,,,,,,ChIJ_S9HHUQxm0cRibFa3Ta16mA,2021-02-26,-36,,,-10,-17,
LI,Liechtenstein,,,,,,ChIJ_S9HHUQxm0cRibFa3Ta16mA,2021-02-27,-52,,,-27,,
LI,Liechtenstein,,,,,,ChIJ_S9HHUQxm0cRibFa3Ta16mA,2021-02-28,,,,-16,,
LI,Liechtenstein,,,,,,ChIJ_S9HHUQxm0cRibFa3Ta16mA,2021-03-01,,,,-14,-18,
LI,Liechtenstein,,,,,,ChIJ_S9HHUQxm0cRibFa3Ta16mA,2021-03-02,,,,-19,-16,
LI,Liechtenstein,,,,,,ChIJ_S9HHUQxm0cRibFa3Ta16mA,2021-03-03,,,,-25,-15,
LI,Liechtenstein,,,,,,ChIJ_S9HHUQxm0cRibFa3Ta16mA,2021-03-04,,,,-19,-15,
LI,Liechtenstein,,,,,,ChIJ_S9HHUQxm0cRibFa3Ta16mA,2021-03-05,-42,,,-25,-16,
LI,Liechtenstein,,,,,,ChIJ_S9HHUQxm0cRibFa3Ta16mA,2021-03-06,-47,,,-15,,
LI,Liechtenstein,,,,,,ChIJ_S9HHUQxm0cRibFa3Ta16mA,2021-03-07,,,,-40,,
LI,Liechtenstein,,,,,,ChIJ_S9HHUQxm0cRibFa3Ta16mA,2021-03-08,,,,-15,-18,
LI,Liechtenstein,,,,,,ChIJ_S9HHUQxm0cRibFa3Ta16mA,2021-03-09,,,,-26,-17,
LI,Liechtenstein,,,,,,ChIJ_S9HHUQxm0cRibFa3Ta16mA,2021-03-10,,,,-23,-14,
LI,Liechtenstein,,,,,,ChIJ_S9HHUQxm0cRibFa3Ta16mA,2021-03-11,,,,-25,-13,
LI,Liechtenstein,,,,,,ChIJ_S9HHUQxm0cRibFa3Ta16mA,2021-03-12,-40,,,-17,-14,
LI,Liechtenstein,,,,,,ChIJ_S9HHUQxm0cRibFa3Ta16mA,2021-03-13,-47,,,-13,,
LI,Liechtenstein,,,,,,ChIJ_S9HHUQxm0cRibFa3Ta16mA,2021-03-14,,,,-57,,
LI,Liechtenstein,,,,,,ChIJ_S9HHUQxm0cRibFa3Ta16mA,2021-03-15,,,,-20,-17,
LI,Liechtenstein,,,,,,ChIJ_S9HHUQxm0cRibFa3Ta16mA,2021-03-16,,,,-30,-13,
LI,Liechtenstein,,,,,,ChIJ_S9HHUQxm0cRibFa3Ta16mA,2021-03-17,,,,-35,-14,
LI,Liechtenstein,,,,,,ChIJ_S9HHUQxm0cRibFa3Ta16mA,2021-03-18,,,,-23,-13,
LI,Liechtenstein,,,,,,ChIJ_S9HHUQxm0cRibFa3Ta16mA,2021-03-19,-61,,,-48,-60,
LI,Liechtenstein,,,,,,ChIJ_S9HHUQxm0cRibFa3Ta16mA,2021-03-20,-46,,,-31,,
LI,Liechtenstein,,,,,,ChIJ_S9HHUQxm0cRibFa3Ta16mA,2021-03-21,,,,-44,,
LI,Liechtenstein,,,,,,ChIJ_S9HHUQxm0cRibFa3Ta16mA,2021-03-22,,,,-25,-17,
LI,Liechtenstein,,,,,,ChIJ_S9HHUQxm0cRibFa3Ta16mA,2021-03-23,,,,-22,-15,
LI,Liechtenstein,,,,,,ChIJ_S9HHUQxm0cRibFa3Ta16mA,2021-03-24,,,,-22,-15,
LI,Liechtenstein,,,,,,ChIJ_S9HHUQxm0cRibFa3Ta16mA,2021-03-25,,,,-16,-15,
LI,Liechtenstein,,,,,,ChIJ_S9HHUQxm0cRibFa3Ta16mA,2021-03-26,-26,,,-11,-13,
LI,Liechtenstein,,,,,,ChIJ_S9HHUQxm0cRibFa3Ta16mA,2021-03-27,-42,,,-23,,
LI,Liechtenstein,,,,,,ChIJ_S9HHUQxm0cRibFa3Ta16mA,2021-03-28,,,,-15,,
LI,Liechtenstein,,,,,,ChIJ_S9HHUQxm0cRibFa3Ta16mA,2021-03-29,,,,-8,-16,
LI,Liechtenstein,,,,,,ChIJ_S9HHUQxm0cRibFa3Ta16mA,2021-03-30,,,,-15,-15,
LI,Liechtenstein,,,,,,ChIJ_S9HHUQxm0cRibFa3Ta16mA,2021-03-31,,,,-20,-19,
LI,Liechtenstein,,,,,,ChIJ_S9HHUQxm0cRibFa3Ta16mA,2021-04-01,,,,-10,-19,
LI,Liechtenstein,,,,,,ChIJ_S9HHUQxm0cRibFa3Ta16mA,2021-04-02,-42,,,-36,-73,
LI,Liechtenstein,,,,,,ChIJ_S9HHUQxm0cRibFa3Ta16mA,2021-04-03,-41,,,-20,,
LI,Liechtenstein,,,,,,ChIJ_S9HHUQxm0cRibFa3Ta16mA,2021-04-04,,,,-28,,
LI,Liechtenstein,,,,,,ChIJ_S9HHUQxm0cRibFa3Ta16mA,2021-04-05,,,,-57,-84,
LI,Liechtenstein,,,,,,ChIJ_S9HHUQxm0cRibFa3Ta16mA,2021-04-06,,,,-29,-27,
LI,Liechtenstein,,,,,,ChIJ_S9HHUQxm0cRibFa3Ta16mA,2021-04-07,,,,-31,-26,
LI,Liechtenstein,,,,,,ChIJ_S9HHUQxm0cRibFa3Ta16mA,2021-04-08,,,,-25,-23,
LI,Liechtenstein,,,,,,ChIJ_S9HHUQxm0cRibFa3Ta16mA,2021-04-09,-30,,,-13,-22,
LI,Liechtenstein,,,,,,ChIJ_S9HHUQxm0cRibFa3Ta16mA,2021-04-10,,,,-22,,
LI,Liechtenstein,,,,,,ChIJ_S9HHUQxm0cRibFa3Ta16mA,2021-04-11,,,,-30,,
LI,Liechtenstein,,,,,,ChIJ_S9HHUQxm0cRibFa3Ta16mA,2021-04-12,,,,-31,-26,
LI,Liechtenstein,,,,,,ChIJ_S9HHUQxm0cRibFa3Ta16mA,2021-04-13,,,,-34,-24,
LI,Liechtenstein,,,,,,ChIJ_S9HHUQxm0cRibFa3Ta16mA,2021-04-14,,,,-31,-22,
LI,Liechtenstein,,,,,,ChIJ_S9HHUQxm0cRibFa3Ta16mA,2021-04-15,,,,-27,-21,
LI,Liechtenstein,,,,,,ChIJ_S9HHUQxm0cRibFa3Ta16mA,2021-04-16,-30,,,-25,-24,
LI,Liechtenstein,,,,,,ChIJ_S9HHUQxm0cRibFa3Ta16mA,2021-04-17,-41,,,-43,,
LI,Liechtenstein,,,,,,ChIJ_S9HHUQxm0cRibFa3Ta16mA,2021-04-18,,,,-56,,
LI,Liechtenstein,,,,,,ChIJ_S9HHUQxm0cRibFa3Ta16mA,2021-04-19,,,,-14,-17,
LI,Liechtenstein,,,,,,ChIJ_S9HHUQxm0cRibFa3Ta16mA,2021-04-20,,,,-16,-13,
LI,Liechtenstein,,,,,,ChIJ_S9HHUQxm0cRibFa3Ta16mA,2021-04-21,,,,-24,-12,
LI,Liechtenstein,,,,,,ChIJ_S9HHUQxm0cRibFa3Ta16mA,2021-04-22,,,,-27,-12,
LI,Liechtenstein,,,,,,ChIJ_S9HHUQxm0cRibFa3Ta16mA,2021-04-23,,,,-15,-13,
LI,Liechtenstein,,,,,,ChIJ_S9HHUQxm0cRibFa3Ta16mA,2021-04-24,-40,,,-29,,
LI,Liechtenstein,,,,,,ChIJ_S9HHUQxm0cRibFa3Ta16mA,2021-04-25,,,,-32,,
LI,Liechtenstein,,,,,,ChIJ_S9HHUQxm0cRibFa3Ta16mA,2021-04-26,,,,-9,-11,
LI,Liechtenstein,,,,,,ChIJ_S9HHUQxm0cRibFa3Ta16mA,2021-04-27,,,,-21,-12,
LI,Liechtenstein,,,,,,ChIJ_S9HHUQxm0cRibFa3Ta16mA,2021-04-28,,,,-27,-11,
LI,Liechtenstein,,,,,,ChIJ_S9HHUQxm0cRibFa3Ta16mA,2021-04-29,,,,-27,-6,
LI,Liechtenstein,,,,,,ChIJ_S9HHUQxm0cRibFa3Ta16mA,2021-04-30,,,,-19,-8,
LI,Liechtenstein,,,,,,ChIJ_S9HHUQxm0cRibFa3Ta16mA,2021-05-01,-50,,,-38,,
LI,Liechtenstein,,,,,,ChIJ_S9HHUQxm0cRibFa3Ta16mA,2021-05-02,,,,-53,,
LI,Liechtenstein,,,,,,ChIJ_S9HHUQxm0cRibFa3Ta16mA,2021-05-03,,,,-10,-11,
LI,Liechtenstein,,,,,,ChIJ_S9HHUQxm0cRibFa3Ta16mA,2021-05-04,,,,-14,-11,
LI,Liechtenstein,,,,,,ChIJ_S9HHUQxm0cRibFa3Ta16mA,2021-05-05,,,,-31,-10,
LI,Liechtenstein,,,,,,ChIJ_S9HHUQxm0cRibFa3Ta16mA,2021-05-06,,,,-23,-7,
LI,Liechtenstein,,,,,,ChIJ_S9HHUQxm0cRibFa3Ta16mA,2021-05-07,-25,,,-19,-6,
LI,Liechtenstein,,,,,,ChIJ_S9HHUQxm0cRibFa3Ta16mA,2021-05-08,,,,-25,,
LI,Liechtenstein,,,,,,ChIJ_S9HHUQxm0cRibFa3Ta16mA,2021-05-09,,,,-36,,
LI,Liechtenstein,,,,,,ChIJ_S9HHUQxm0cRibFa3Ta16mA,2021-05-10,,,,-14,-12,
LI,Liechtenstein,,,,,,ChIJ_S9HHUQxm0cRibFa3Ta16mA,2021-05-11,,,,-26,-10,
LI,Liechtenstein,,,,,,ChIJ_S9HHUQxm0cRibFa3Ta16mA,2021-05-12,,,,-26,-10,
LI,Liechtenstein,,,,,,ChIJ_S9HHUQxm0cRibFa3Ta16mA,2021-05-13,,,,-63,-81,
LI,Liechtenstein,,,,,,ChIJ_S9HHUQxm0cRibFa3Ta16mA,2021-05-14,,,,-39,-52,
LI,Liechtenstein,,,,,,ChIJ_S9HHUQxm0cRibFa3Ta16mA,2021-05-15,,,,-40,,
LI,Liechtenstein,,,,,,ChIJ_S9HHUQxm0cRibFa3Ta16mA,2021-05-16,,,,-50,,
LI,Liechtenstein,,,,,,ChIJ_S9HHUQxm0cRibFa3Ta16mA,2021-05-17,,,,-18,-10,
LI,Liechtenstein,,,,,,ChIJ_S9HHUQxm0cRibFa3Ta16mA,2021-05-18,,,,-23,-11,
LI,Liechtenstein,,,,,,ChIJ_S9HHUQxm0cRibFa3Ta16mA,2021-05-19,,,,-23,-8,
LI,Liechtenstein,,,,,,ChIJ_S9HHUQxm0cRibFa3Ta16mA,2021-05-20,,,,-26,-8,
LI,Liechtenstein,,,,,,ChIJ_S9HHUQxm0cRibFa3Ta16mA,2021-05-21,,,,-21,-8,
LI,Liechtenstein,,,,,,ChIJ_S9HHUQxm0cRibFa3Ta16mA,2021-05-22,,,,-33,,
LI,Liechtenstein,,,,,,ChIJ_S9HHUQxm0cRibFa3Ta16mA,2021-05-23,,,,-29,,
LI,Liechtenstein,,,,,,ChIJ_S9HHUQxm0cRibFa3Ta16mA,2021-05-24,,,,-61,-82,
LI,Liechtenstein,,,,,,ChIJ_S9HHUQxm0cRibFa3Ta16mA,2021-05-25,,,,-21,-8,
LI,Liechtenstein,,,,,,ChIJ_S9HHUQxm0cRibFa3Ta16mA,2021-05-26,,,,-22,-5,
LI,Liechtenstein,,,,,,ChIJ_S9HHUQxm0cRibFa3Ta16mA,2021-05-27,,,,-23,-9,
LI,Liechtenstein,,,,,,ChIJ_S9HHUQxm0cRibFa3Ta16mA,2021-05-28,,,,-12,-8,
LI,Liechtenstein,,,,,,ChIJ_S9HHUQxm0cRibFa3Ta16mA,2021-05-29,,,,-27,,
LI,Liechtenstein,,,,,,ChIJ_S9HHUQxm0cRibFa3Ta16mA,2021-05-30,,,,-22,,
LI,Liechtenstein,,,,,,ChIJ_S9HHUQxm0cRibFa3Ta16mA,2021-05-31,,,,-3,-12,
LI,Liechtenstein,,,,,,ChIJ_S9HHUQxm0cRibFa3Ta16mA,2021-06-01,,,,-19,-10,
LI,Liechtenstein,,,,,,ChIJ_S9HHUQxm0cRibFa3Ta16mA,2021-06-02,,,,-16,-10,
LI,Liechtenstein,,,,,,ChIJ_S9HHUQxm0cRibFa3Ta16mA,2021-06-03,,,,-51,-66,
LI,Liechtenstein,,,,,,ChIJ_S9HHUQxm0cRibFa3Ta16mA,2021-06-04,,,,-33,-43,
LI,Liechtenstein,,,,,,ChIJ_S9HHUQxm0cRibFa3Ta16mA,2021-06-05,,,,-44,,
LI,Liechtenstein,,,,,,ChIJ_S9HHUQxm0cRibFa3Ta16mA,2021-06-06,,,,-52,,
LI,Liechtenstein,,,,,,ChIJ_S9HHUQxm0cRibFa3Ta16mA,2021-06-07,,,,-9,-12,
LI,Liechtenstein,,,,,,ChIJ_S9HHUQxm0cRibFa3Ta16mA,2021-06-08,,,,-21,-10,
LI,Liechtenstein,,,,,,ChIJ_S9HHUQxm0cRibFa3Ta16mA,2021-06-09,,,,-25,-9,
LI,Liechtenstein,,,,,,ChIJ_S9HHUQxm0cRibFa3Ta16mA,2021-06-10,,,,-14,-6,
LI,Liechtenstein,,,,,,ChIJ_S9HHUQxm0cRibFa3Ta16mA,2021-06-11,,,,-11,-8,
LI,Liechtenstein,,,,,,ChIJ_S9HHUQxm0cRibFa3Ta16mA,2021-06-12,,,,-30,,
LI,Liechtenstein,,,,,,ChIJ_S9HHUQxm0cRibFa3Ta16mA,2021-06-13,,,,-20,,
LI,Liechtenstein,,,,,,ChIJ_S9HHUQxm0cRibFa3Ta16mA,2021-06-14,,,,-6,-10,
LI,Liechtenstein,,,,,,ChIJ_S9HHUQxm0cRibFa3Ta16mA,2021-06-15,,,,-17,-11,
LI,Liechtenstein,,,,,,ChIJ_S9HHUQxm0cRibFa3Ta16mA,2021-06-16,,,,-18,-9,
LI,Liechtenstein,,,,,,ChIJ_S9HHUQxm0cRibFa3Ta16mA,2021-06-17,,,,-22,-11,
LI,Liechtenstein,,,,,,ChIJ_S9HHUQxm0cRibFa3Ta16mA,2021-06-18,,,,-16,-12,
LI,Liechtenstein,,,,,,ChIJ_S9HHUQxm0cRibFa3Ta16mA,2021-06-19,,,,-21,,
LI,Liechtenstein,,,,,,ChIJ_S9HHUQxm0cRibFa3Ta16mA,2021-06-20,,,,-36,,
LI,Liechtenstein,,,,,,ChIJ_S9HHUQxm0cRibFa3Ta16mA,2021-06-21,,,,-13,-13,
LI,Liechtenstein,,,,,,ChIJ_S9HHUQxm0cRibFa3Ta16mA,2021-06-22,,,,-20,-11,
LI,Liechtenstein,,,,,,ChIJ_S9HHUQxm0cRibFa3Ta16mA,2021-06-23,,,,-25,-9,
LI,Liechtenstein,,,,,,ChIJ_S9HHUQxm0cRibFa3Ta16mA,2021-06-24,,,,-19,-8,
LI,Liechtenstein,,,,,,ChIJ_S9HHUQxm0cRibFa3Ta16mA,2021-06-25,,,,-15,-7,
LI,Liechtenstein,,,,,,ChIJ_S9HHUQxm0cRibFa3Ta16mA,2021-06-26,,,,-18,,
LI,Liechtenstein,,,,,,ChIJ_S9HHUQxm0cRibFa3Ta16mA,2021-06-27,,,,-25,,
LI,Liechtenstein,,,,,,ChIJ_S9HHUQxm0cRibFa3Ta16mA,2021-06-28,,,,-5,-13,
LI,Liechtenstein,,,,,,ChIJ_S9HHUQxm0cRibFa3Ta16mA,2021-06-29,,,,-24,-13,
LI,Liechtenstein,,,,,,ChIJ_S9HHUQxm0cRibFa3Ta16mA,2021-06-30,,,,-27,-9,
LI,Liechtenstein,,,,,,ChIJ_S9HHUQxm0cRibFa3Ta16mA,2021-07-01,,,,-21,-11,
LI,Liechtenstein,,,,,,ChIJ_S9HHUQxm0cRibFa3Ta16mA,2021-07-02,,,,-10,-10,
LI,Liechtenstein,,,,,,ChIJ_S9HHUQxm0cRibFa3Ta16mA,2021-07-03,,,,-23,,
LI,Liechtenstein,,,,,,ChIJ_S9HHUQxm0cRibFa3Ta16mA,2021-07-04,,,,-40,,
LI,Liechtenstein,,,,,,ChIJ_S9HHUQxm0cRibFa3Ta16mA,2021-07-05,,,,-8,-21,
LI,Liechtenstein,,,,,,ChIJ_S9HHUQxm0cRibFa3Ta16mA,2021-07-06,,,,-25,-17,
LI,Liechtenstein,,,,,,ChIJ_S9HHUQxm0cRibFa3Ta16mA,2021-07-07,,,,-29,-19,
LI,Liechtenstein,,,,,,ChIJ_S9HHUQxm0cRibFa3Ta16mA,2021-07-08,,,,-30,-22,
LI,Liechtenstein,,,,,,ChIJ_S9HHUQxm0cRibFa3Ta16mA,2021-07-09,,,,-18,-20,
LI,Liechtenstein,,,,,,ChIJ_S9HHUQxm0cRibFa3Ta16mA,2021-07-10,,,,-21,,
LI,Liechtenstein,,,,,,ChIJ_S9HHUQxm0cRibFa3Ta16mA,2021-07-11,,,,-32,,
LI,Liechtenstein,,,,,,ChIJ_S9HHUQxm0cRibFa3Ta16mA,2021-07-12,,,,-13,-29,
LI,Liechtenstein,,,,,,ChIJ_S9HHUQxm0cRibFa3Ta16mA,2021-07-13,,,,-32,-30,
LI,Liechtenstein,,,,,,ChIJ_S9HHUQxm0cRibFa3Ta16mA,2021-07-14,,,,-37,-25,
LI,Liechtenstein,,,,,,ChIJ_S9HHUQxm0cRibFa3Ta16mA,2021-07-15,,,,-39,-27,
LI,Liechtenstein,,,,,,ChIJ_S9HHUQxm0cRibFa3Ta16mA,2021-07-16,,,,-30,-27,
LI,Liechtenstein,,,,,,ChIJ_S9HHUQxm0cRibFa3Ta16mA,2021-07-17,,,,-47,,
LI,Liechtenstein,,,,,,ChIJ_S9HHUQxm0cRibFa3Ta16mA,2021-07-18,,,,-47,,
LI,Liechtenstein,,,,,,ChIJ_S9HHUQxm0cRibFa3Ta16mA,2021-07-19,,,,-22,-36,
LI,Liechtenstein,,,,,,ChIJ_S9HHUQxm0cRibFa3Ta16mA,2021-07-20,,,,-32,-34,
LI,Liechtenstein,,,,,,ChIJ_S9HHUQxm0cRibFa3Ta16mA,2021-07-21,,,,-28,-32,
LI,Liechtenstein,,,,,,ChIJ_S9HHUQxm0cRibFa3Ta16mA,2021-07-22,,,,-29,-33,
LI,Liechtenstein,,,,,,ChIJ_S9HHUQxm0cRibFa3Ta16mA,2021-07-23,,,,-26,-35,
LI,Liechtenstein,,,,,,ChIJ_S9HHUQxm0cRibFa3Ta16mA,2021-07-24,,,,-43,,
LI,Liechtenstein,,,,,,ChIJ_S9HHUQxm0cRibFa3Ta16mA,2021-07-25,,,,-39,,
LI,Liechtenstein,,,,,,ChIJ_S9HHUQxm0cRibFa3Ta16mA,2021-07-26,,,,-40,-43,
LI,Liechtenstein,,,,,,ChIJ_S9HHUQxm0cRibFa3Ta16mA,2021-07-27,,,,-40,-42,
LI,Liechtenstein,,,,,,ChIJ_S9HHUQxm0cRibFa3Ta16mA,2021-07-28,,,,-52,-43,
LI,Liechtenstein,,,,,,ChIJ_S9HHUQxm0cRibFa3Ta16mA,2021-07-29,,,,-32,-43,
LI,Liechtenstein,,,,,,ChIJ_S9HHUQxm0cRibFa3Ta16mA,2021-07-30,,,,-37,-43,
LI,Liechtenstein,,,,,,ChIJ_S9HHUQxm0cRibFa3Ta16mA,2021-07-31,,,,-48,,
LI,Liechtenstein,,,,,,ChIJ_S9HHUQxm0cRibFa3Ta16mA,2021-08-01,,,,-58,,
LI,Liechtenstein,,,,,,ChIJ_S9HHUQxm0cRibFa3Ta16mA,2021-08-02,,,,-29,-42,
LI,Liechtenstein,,,,,,ChIJ_S9HHUQxm0cRibFa3Ta16mA,2021-08-03,,,,-44,-44,
LI,Liechtenstein,,,,,,ChIJ_S9HHUQxm0cRibFa3Ta16mA,2021-08-04,,,,-52,-43,
LI,Liechtenstein,,,,,,ChIJ_S9HHUQxm0cRibFa3Ta16mA,2021-08-05,,,,-41,-40,
LI,Liechtenstein,,,,,,ChIJ_S9HHUQxm0cRibFa3Ta16mA,2021-08-06,,,,-34,-42,
LI,Liechtenstein,,,,,,ChIJ_S9HHUQxm0cRibFa3Ta16mA,2021-08-07,,,,-27,,
LI,Liechtenstein,,,,,,ChIJ_S9HHUQxm0cRibFa3Ta16mA,2021-08-08,,,,-46,,
LI,Liechtenstein,,,,,,ChIJ_S9HHUQxm0cRibFa3Ta16mA,2021-08-09,,,,-17,-30,
LI,Liechtenstein,,,,,,ChIJ_S9HHUQxm0cRibFa3Ta16mA,2021-08-10,,,,-25,-29,
LI,Liechtenstein,,,,,,ChIJ_S9HHUQxm0cRibFa3Ta16mA,2021-08-11,,,,-28,-28,
LI,Liechtenstein,,,,,,ChIJ_S9HHUQxm0cRibFa3Ta16mA,2021-08-12,,,,-29,-28,
LI,Liechtenstein,,,,,,ChIJ_S9HHUQxm0cRibFa3Ta16mA,2021-08-13,,,,-17,-30,
LI,Liechtenstein,,,,,,ChIJ_S9HHUQxm0cRibFa3Ta16mA,2021-08-14,,,,-22,,
LI,Liechtenstein,,,,,,ChIJ_S9HHUQxm0cRibFa3Ta16mA,2021-08-16,,,,-27,-28,
LI,Liechtenstein,,,,,,ChIJ_S9HHUQxm0cRibFa3Ta16mA,2021-08-17,,,,-19,-15,
LI,Liechtenstein,,,,,,ChIJ_S9HHUQxm0cRibFa3Ta16mA,2021-08-18,,,,-19,-12,
LI,Liechtenstein,,,,,,ChIJ_S9HHUQxm0cRibFa3Ta16mA,2021-08-19,,,,-13,-10,
LI,Liechtenstein,,,,,,ChIJ_S9HHUQxm0cRibFa3Ta16mA,2021-08-20,,,,-4,-13,
LI,Liechtenstein,,,,,,ChIJ_S9HHUQxm0cRibFa3Ta16mA,2021-08-21,,,,-6,,
LI,Liechtenstein,,,,,,ChIJ_S9HHUQxm0cRibFa3Ta16mA,2021-08-22,,,,-33,,
LI,Liechtenstein,,,,,,ChIJ_S9HHUQxm0cRibFa3Ta16mA,2021-08-23,,,,-9,-15,
LI,Liechtenstein,,,,,,ChIJ_S9HHUQxm0cRibFa3Ta16mA,2021-08-24,,,,-16,-13,
LI,Liechtenstein,,,,,,ChIJ_S9HHUQxm0cRibFa3Ta16mA,2021-08-25,,,,-9,-10,
LI,Liechtenstein,,,,,,ChIJ_S9HHUQxm0cRibFa3Ta16mA,2021-08-26,,,,-8,-11,
LI,Liechtenstein,,,,,,ChIJ_S9HHUQxm0cRibFa3Ta16mA,2021-08-27,,,,-10,-9,
LI,Liechtenstein,,,,,,ChIJ_S9HHUQxm0cRibFa3Ta16mA,2021-08-28,,,,-36,,
LI,Liechtenstein,,,,,,ChIJ_S9HHUQxm0cRibFa3Ta16mA,2021-08-29,,,,-42,,
LI,Liechtenstein,,,,,,ChIJ_S9HHUQxm0cRibFa3Ta16mA,2021-08-30,,,,-19,-18,
LI,Liechtenstein,,,,,,ChIJ_S9HHUQxm0cRibFa3Ta16mA,2021-08-31,,,,-19,-13,
LI,Liechtenstein,,,,,,ChIJ_S9HHUQxm0cRibFa3Ta16mA,2021-09-01,,,,-16,-13,
LI,Liechtenstein,,,,,,ChIJ_S9HHUQxm0cRibFa3Ta16mA,2021-09-02,,,,-10,-13,
LI,Liechtenstein,,,,,,ChIJ_S9HHUQxm0cRibFa3Ta16mA,2021-09-03,,,,-9,-9,
LI,Liechtenstein,,,,,,ChIJ_S9HHUQxm0cRibFa3Ta16mA,2021-09-04,,,,-16,,
LI,Liechtenstein,,,,,,ChIJ_S9HHUQxm0cRibFa3Ta16mA,2021-09-05,,,,-14,,
LI,Liechtenstein,,,,,,ChIJ_S9HHUQxm0cRibFa3Ta16mA,2021-09-06,,,,-3,-17,
LI,Liechtenstein,,,,,,ChIJ_S9HHUQxm0cRibFa3Ta16mA,2021-09-07,,,,-12,-15,
LI,Liechtenstein,,,,,,ChIJ_S9HHUQxm0cRibFa3Ta16mA,2021-09-08,,,,-47,-64,
LI,Liechtenstein,,,,,,ChIJ_S9HHUQxm0cRibFa3Ta16mA,2021-09-09,,,,-16,-14,
LI,Liechtenstein,,,,,,ChIJ_S9HHUQxm0cRibFa3Ta16mA,2021-09-10,,,,-3,-15,
LI,Liechtenstein,,,,,,ChIJ_S9HHUQxm0cRibFa3Ta16mA,2021-09-11,,,,11,,
LI,Liechtenstein,,,,,,ChIJ_S9HHUQxm0cRibFa3Ta16mA,2021-09-12,,,,-21,,
