country_region_code,country_region,sub_region_1,sub_region_2,metro_area,iso_3166_2_code,census_fips_code,place_id,date,retail_and_recreation_percent_change_from_baseline,grocery_and_pharmacy_percent_change_from_baseline,parks_percent_change_from_baseline,transit_stations_percent_change_from_baseline,workplaces_percent_change_from_baseline,residential_percent_change_from_baseline
MN,Mongolia,,,,,,ChIJS22qaQYFJzYRluDmNzkh3eA,2021-01-01,-77,-47,-55,-61,-77,39
MN,Mongolia,,,,,,ChIJS22qaQYFJzYRluDmNzkh3eA,2021-01-02,-64,-25,-40,-47,-46,25
MN,Mongolia,,,,,,ChIJS22qaQYFJzYRluDmNzkh3eA,2021-01-03,-56,-17,-34,-44,-35,20
MN,Mongolia,,,,,,ChIJS22qaQYFJzYRluDmNzkh3eA,2021-01-04,-50,-12,-35,-39,-39,28
MN,Mongolia,,,,,,ChIJS22qaQYFJzYRluDmNzkh3eA,2021-01-05,-50,-8,-34,-40,-40,28
MN,Mongolia,,,,,,ChIJS22qaQYFJzYRluDmNzkh3eA,2021-01-06,-50,-6,-41,-38,-35,29
MN,Mongolia,,,,,,ChIJS22qaQYFJzYRluDmNzkh3eA,2021-01-07,-45,4,-35,-35,-36,28
MN,Mongolia,,,,,,ChIJS22qaQYFJzYRluDmNzkh3eA,2021-01-08,-52,-5,-47,-43,-40,32
MN,Mongolia,,,,,,ChIJS22qaQYFJzYRluDmNzkh3eA,2021-01-09,-50,-8,-36,-42,-32,24
MN,Mongolia,,,,,,ChIJS22qaQYFJzYRluDmNzkh3eA,2021-01-10,-48,-8,-37,-43,-28,19
MN,Mongolia,,,,,,ChIJS22qaQYFJzYRluDmNzkh3eA,2021-01-11,-26,16,-28,-20,-18,19
MN,Mongolia,,,,,,ChIJS22qaQYFJzYRluDmNzkh3eA,2021-01-12,-25,23,-23,-17,-20,18
MN,Mongolia,,,,,,ChIJS22qaQYFJzYRluDmNzkh3eA,2021-01-13,-27,15,-24,-20,-17,17
MN,Mongolia,,,,,,ChIJS22qaQYFJzYRluDmNzkh3eA,2021-01-14,-31,10,-27,-24,-24,16
MN,Mongolia,,,,,,ChIJS22qaQYFJzYRluDmNzkh3eA,2021-01-15,-35,8,-35,-26,-25,18
MN,Mongolia,,,,,,ChIJS22qaQYFJzYRluDmNzkh3eA,2021-01-16,-33,11,-32,-26,-21,13
MN,Mongolia,,,,,,ChIJS22qaQYFJzYRluDmNzkh3eA,2021-01-17,-29,17,-22,-24,-22,9
MN,Mongolia,,,,,,ChIJS22qaQYFJzYRluDmNzkh3eA,2021-01-18,-22,16,-23,-18,-18,14
MN,Mongolia,,,,,,ChIJS22qaQYFJzYRluDmNzkh3eA,2021-01-19,-22,20,-14,-17,-20,14
MN,Mongolia,,,,,,ChIJS22qaQYFJzYRluDmNzkh3eA,2021-01-20,-21,20,-3,-14,-15,14
MN,Mongolia,,,,,,ChIJS22qaQYFJzYRluDmNzkh3eA,2021-01-21,-21,21,-19,-18,-17,15
MN,Mongolia,,,,,,ChIJS22qaQYFJzYRluDmNzkh3eA,2021-01-22,-27,19,-21,-22,-17,15
MN,Mongolia,,,,,,ChIJS22qaQYFJzYRluDmNzkh3eA,2021-01-23,-15,28,-2,-9,-8,8
MN,Mongolia,,,,,,ChIJS22qaQYFJzYRluDmNzkh3eA,2021-01-24,-11,27,-5,-15,-8,8
MN,Mongolia,,,,,,ChIJS22qaQYFJzYRluDmNzkh3eA,2021-01-25,-10,21,-5,-14,-12,13
MN,Mongolia,,,,,,ChIJS22qaQYFJzYRluDmNzkh3eA,2021-01-26,-11,29,-6,-16,-14,13
MN,Mongolia,,,,,,ChIJS22qaQYFJzYRluDmNzkh3eA,2021-01-27,-13,23,-10,-13,-9,14
MN,Mongolia,,,,,,ChIJS22qaQYFJzYRluDmNzkh3eA,2021-01-28,-12,27,-11,-15,-11,14
MN,Mongolia,,,,,,ChIJS22qaQYFJzYRluDmNzkh3eA,2021-01-29,-13,33,-15,-14,-11,14
MN,Mongolia,,,,,,ChIJS22qaQYFJzYRluDmNzkh3eA,2021-01-30,2,49,0,2,-3,8
MN,Mongolia,,,,,,ChIJS22qaQYFJzYRluDmNzkh3eA,2021-01-31,1,48,-12,-5,-5,7
MN,Mongolia,,,,,,ChIJS22qaQYFJzYRluDmNzkh3eA,2021-02-01,1,42,-12,-5,-9,12
MN,Mongolia,,,,,,ChIJS22qaQYFJzYRluDmNzkh3eA,2021-02-02,4,56,-4,2,-12,11
MN,Mongolia,,,,,,ChIJS22qaQYFJzYRluDmNzkh3eA,2021-02-03,3,46,-5,3,-7,11
MN,Mongolia,,,,,,ChIJS22qaQYFJzYRluDmNzkh3eA,2021-02-04,1,38,-8,-7,-10,12
MN,Mongolia,,,,,,ChIJS22qaQYFJzYRluDmNzkh3eA,2021-02-05,-5,41,-20,-10,-9,14
MN,Mongolia,,,,,,ChIJS22qaQYFJzYRluDmNzkh3eA,2021-02-06,4,49,-8,-2,3,8
MN,Mongolia,,,,,,ChIJS22qaQYFJzYRluDmNzkh3eA,2021-02-07,9,53,-1,-4,3,6
MN,Mongolia,,,,,,ChIJS22qaQYFJzYRluDmNzkh3eA,2021-02-08,9,44,4,0,-8,11
MN,Mongolia,,,,,,ChIJS22qaQYFJzYRluDmNzkh3eA,2021-02-09,23,89,9,13,-10,9
MN,Mongolia,,,,,,ChIJS22qaQYFJzYRluDmNzkh3eA,2021-02-10,35,122,15,34,-9,6
MN,Mongolia,,,,,,ChIJS22qaQYFJzYRluDmNzkh3eA,2021-02-11,-68,-34,-58,-71,-71,37
MN,Mongolia,,,,,,ChIJS22qaQYFJzYRluDmNzkh3eA,2021-02-12,-86,-74,-70,-83,-81,43
MN,Mongolia,,,,,,ChIJS22qaQYFJzYRluDmNzkh3eA,2021-02-13,-81,-62,-63,-78,-66,30
MN,Mongolia,,,,,,ChIJS22qaQYFJzYRluDmNzkh3eA,2021-02-14,-74,-45,-56,-73,-55,23
MN,Mongolia,,,,,,ChIJS22qaQYFJzYRluDmNzkh3eA,2021-02-15,-73,-45,-60,-70,-65,34
MN,Mongolia,,,,,,ChIJS22qaQYFJzYRluDmNzkh3eA,2021-02-16,-68,-30,-57,-64,-61,31
MN,Mongolia,,,,,,ChIJS22qaQYFJzYRluDmNzkh3eA,2021-02-17,-63,-25,-53,-61,-54,31
MN,Mongolia,,,,,,ChIJS22qaQYFJzYRluDmNzkh3eA,2021-02-18,-61,-22,-51,-59,-54,30
MN,Mongolia,,,,,,ChIJS22qaQYFJzYRluDmNzkh3eA,2021-02-19,-63,-18,-54,-58,-53,32
MN,Mongolia,,,,,,ChIJS22qaQYFJzYRluDmNzkh3eA,2021-02-20,-56,-15,-45,-54,-39,21
MN,Mongolia,,,,,,ChIJS22qaQYFJzYRluDmNzkh3eA,2021-02-21,-57,-18,-43,-58,-35,18
MN,Mongolia,,,,,,ChIJS22qaQYFJzYRluDmNzkh3eA,2021-02-22,-56,-17,-47,-55,-48,28
MN,Mongolia,,,,,,ChIJS22qaQYFJzYRluDmNzkh3eA,2021-02-23,12,61,7,12,-6,5
MN,Mongolia,,,,,,ChIJS22qaQYFJzYRluDmNzkh3eA,2021-02-24,8,46,-4,5,-1,8
MN,Mongolia,,,,,,ChIJS22qaQYFJzYRluDmNzkh3eA,2021-02-25,8,46,-4,5,-3,8
MN,Mongolia,,,,,,ChIJS22qaQYFJzYRluDmNzkh3eA,2021-02-26,6,49,-5,3,-4,9
MN,Mongolia,,,,,,ChIJS22qaQYFJzYRluDmNzkh3eA,2021-02-27,17,61,-1,14,7,4
MN,Mongolia,,,,,,ChIJS22qaQYFJzYRluDmNzkh3eA,2021-02-28,23,66,3,10,7,3
MN,Mongolia,,,,,,ChIJS22qaQYFJzYRluDmNzkh3eA,2021-03-01,14,47,7,9,1,7
MN,Mongolia,,,,,,ChIJS22qaQYFJzYRluDmNzkh3eA,2021-03-02,13,53,3,6,-1,6
MN,Mongolia,,,,,,ChIJS22qaQYFJzYRluDmNzkh3eA,2021-03-03,14,51,4,12,2,7
MN,Mongolia,,,,,,ChIJS22qaQYFJzYRluDmNzkh3eA,2021-03-04,14,53,13,16,-1,7
MN,Mongolia,,,,,,ChIJS22qaQYFJzYRluDmNzkh3eA,2021-03-05,13,67,7,15,2,6
MN,Mongolia,,,,,,ChIJS22qaQYFJzYRluDmNzkh3eA,2021-03-06,30,86,15,25,6,2
MN,Mongolia,,,,,,ChIJS22qaQYFJzYRluDmNzkh3eA,2021-03-07,47,113,34,31,7,-2
MN,Mongolia,,,,,,ChIJS22qaQYFJzYRluDmNzkh3eA,2021-03-08,7,70,-13,-6,-54,15
MN,Mongolia,,,,,,ChIJS22qaQYFJzYRluDmNzkh3eA,2021-03-09,8,54,5,9,-1,6
MN,Mongolia,,,,,,ChIJS22qaQYFJzYRluDmNzkh3eA,2021-03-10,11,63,8,15,5,7
MN,Mongolia,,,,,,ChIJS22qaQYFJzYRluDmNzkh3eA,2021-03-11,10,64,12,15,2,7
MN,Mongolia,,,,,,ChIJS22qaQYFJzYRluDmNzkh3eA,2021-03-12,3,65,5,11,1,8
MN,Mongolia,,,,,,ChIJS22qaQYFJzYRluDmNzkh3eA,2021-03-13,17,80,30,21,8,3
MN,Mongolia,,,,,,ChIJS22qaQYFJzYRluDmNzkh3eA,2021-03-14,-3,56,-15,-2,-1,6
MN,Mongolia,,,,,,ChIJS22qaQYFJzYRluDmNzkh3eA,2021-03-15,2,48,-1,5,2,9
MN,Mongolia,,,,,,ChIJS22qaQYFJzYRluDmNzkh3eA,2021-03-16,11,65,7,8,2,8
MN,Mongolia,,,,,,ChIJS22qaQYFJzYRluDmNzkh3eA,2021-03-17,7,62,-2,10,6,10
MN,Mongolia,,,,,,ChIJS22qaQYFJzYRluDmNzkh3eA,2021-03-18,9,67,-7,9,0,10
MN,Mongolia,,,,,,ChIJS22qaQYFJzYRluDmNzkh3eA,2021-03-19,-11,45,-22,-3,-3,14
MN,Mongolia,,,,,,ChIJS22qaQYFJzYRluDmNzkh3eA,2021-03-20,12,77,-2,16,10,7
MN,Mongolia,,,,,,ChIJS22qaQYFJzYRluDmNzkh3eA,2021-03-21,17,86,19,17,9,4
MN,Mongolia,,,,,,ChIJS22qaQYFJzYRluDmNzkh3eA,2021-03-22,12,61,20,17,5,7
MN,Mongolia,,,,,,ChIJS22qaQYFJzYRluDmNzkh3eA,2021-03-23,12,68,13,13,4,7
MN,Mongolia,,,,,,ChIJS22qaQYFJzYRluDmNzkh3eA,2021-03-24,5,63,11,13,8,9
MN,Mongolia,,,,,,ChIJS22qaQYFJzYRluDmNzkh3eA,2021-03-25,1,58,3,11,1,10
MN,Mongolia,,,,,,ChIJS22qaQYFJzYRluDmNzkh3eA,2021-03-26,-4,65,-3,11,0,11
MN,Mongolia,,,,,,ChIJS22qaQYFJzYRluDmNzkh3eA,2021-03-27,-3,57,-13,5,6,10
MN,Mongolia,,,,,,ChIJS22qaQYFJzYRluDmNzkh3eA,2021-03-28,6,75,11,8,9,6
MN,Mongolia,,,,,,ChIJS22qaQYFJzYRluDmNzkh3eA,2021-03-29,1,54,7,11,-1,10
MN,Mongolia,,,,,,ChIJS22qaQYFJzYRluDmNzkh3eA,2021-03-30,8,70,19,16,-2,8
MN,Mongolia,,,,,,ChIJS22qaQYFJzYRluDmNzkh3eA,2021-03-31,6,70,11,17,1,9
MN,Mongolia,,,,,,ChIJS22qaQYFJzYRluDmNzkh3eA,2021-04-01,1,65,-3,9,-2,11
MN,Mongolia,,,,,,ChIJS22qaQYFJzYRluDmNzkh3eA,2021-04-02,2,72,-1,11,0,11
MN,Mongolia,,,,,,ChIJS22qaQYFJzYRluDmNzkh3eA,2021-04-03,-8,59,5,9,3,9
MN,Mongolia,,,,,,ChIJS22qaQYFJzYRluDmNzkh3eA,2021-04-04,-1,77,34,12,1,4
MN,Mongolia,,,,,,ChIJS22qaQYFJzYRluDmNzkh3eA,2021-04-05,2,64,14,12,-1,10
MN,Mongolia,,,,,,ChIJS22qaQYFJzYRluDmNzkh3eA,2021-04-06,4,79,9,17,-4,10
MN,Mongolia,,,,,,ChIJS22qaQYFJzYRluDmNzkh3eA,2021-04-07,3,74,11,18,-2,10
MN,Mongolia,,,,,,ChIJS22qaQYFJzYRluDmNzkh3eA,2021-04-08,10,90,34,27,-2,8
MN,Mongolia,,,,,,ChIJS22qaQYFJzYRluDmNzkh3eA,2021-04-09,41,166,60,87,2,2
MN,Mongolia,,,,,,ChIJS22qaQYFJzYRluDmNzkh3eA,2021-04-10,-46,27,-24,-33,-38,21
MN,Mongolia,,,,,,ChIJS22qaQYFJzYRluDmNzkh3eA,2021-04-11,-51,10,-33,-49,-39,21
MN,Mongolia,,,,,,ChIJS22qaQYFJzYRluDmNzkh3eA,2021-04-12,-50,14,-35,-39,-49,28
MN,Mongolia,,,,,,ChIJS22qaQYFJzYRluDmNzkh3eA,2021-04-13,-47,24,-27,-35,-48,26
MN,Mongolia,,,,,,ChIJS22qaQYFJzYRluDmNzkh3eA,2021-04-14,-53,9,-39,-38,-47,29
MN,Mongolia,,,,,,ChIJS22qaQYFJzYRluDmNzkh3eA,2021-04-15,-57,0,-45,-44,-50,31
MN,Mongolia,,,,,,ChIJS22qaQYFJzYRluDmNzkh3eA,2021-04-16,-57,7,-45,-44,-48,32
MN,Mongolia,,,,,,ChIJS22qaQYFJzYRluDmNzkh3eA,2021-04-17,-50,14,-21,-37,-36,22
MN,Mongolia,,,,,,ChIJS22qaQYFJzYRluDmNzkh3eA,2021-04-18,-50,14,-13,-40,-33,18
MN,Mongolia,,,,,,ChIJS22qaQYFJzYRluDmNzkh3eA,2021-04-19,-50,15,-26,-36,-45,23
MN,Mongolia,,,,,,ChIJS22qaQYFJzYRluDmNzkh3eA,2021-04-20,-47,26,-23,-33,-46,27
MN,Mongolia,,,,,,ChIJS22qaQYFJzYRluDmNzkh3eA,2021-04-21,-50,21,-26,-32,-45,27
MN,Mongolia,,,,,,ChIJS22qaQYFJzYRluDmNzkh3eA,2021-04-22,-51,19,-29,-34,-45,28
MN,Mongolia,,,,,,ChIJS22qaQYFJzYRluDmNzkh3eA,2021-04-23,-56,16,-41,-38,-46,31
MN,Mongolia,,,,,,ChIJS22qaQYFJzYRluDmNzkh3eA,2021-04-24,-52,15,-39,-36,-32,23
MN,Mongolia,,,,,,ChIJS22qaQYFJzYRluDmNzkh3eA,2021-04-25,-48,22,-31,-38,-28,18
MN,Mongolia,,,,,,ChIJS22qaQYFJzYRluDmNzkh3eA,2021-04-26,-60,-6,-42,-49,-48,32
MN,Mongolia,,,,,,ChIJS22qaQYFJzYRluDmNzkh3eA,2021-04-27,-55,11,-42,-45,-48,31
MN,Mongolia,,,,,,ChIJS22qaQYFJzYRluDmNzkh3eA,2021-04-28,-55,9,-43,-43,-45,31
MN,Mongolia,,,,,,ChIJS22qaQYFJzYRluDmNzkh3eA,2021-04-29,-55,6,-41,-44,-47,31
MN,Mongolia,,,,,,ChIJS22qaQYFJzYRluDmNzkh3eA,2021-04-30,-57,12,-44,-41,-44,32
MN,Mongolia,,,,,,ChIJS22qaQYFJzYRluDmNzkh3eA,2021-05-01,-46,26,-29,-34,-29,21
MN,Mongolia,,,,,,ChIJS22qaQYFJzYRluDmNzkh3eA,2021-05-02,-46,24,-30,-38,-27,17
MN,Mongolia,,,,,,ChIJS22qaQYFJzYRluDmNzkh3eA,2021-05-03,-51,10,-40,-42,-43,28
MN,Mongolia,,,,,,ChIJS22qaQYFJzYRluDmNzkh3eA,2021-05-04,-46,27,-34,-37,-44,27
MN,Mongolia,,,,,,ChIJS22qaQYFJzYRluDmNzkh3eA,2021-05-05,-51,13,-40,-39,-41,28
MN,Mongolia,,,,,,ChIJS22qaQYFJzYRluDmNzkh3eA,2021-05-06,-50,15,-36,-38,-43,28
MN,Mongolia,,,,,,ChIJS22qaQYFJzYRluDmNzkh3eA,2021-05-07,-52,18,-42,-37,-39,29
MN,Mongolia,,,,,,ChIJS22qaQYFJzYRluDmNzkh3eA,2021-05-08,5,89,21,32,7,7
MN,Mongolia,,,,,,ChIJS22qaQYFJzYRluDmNzkh3eA,2021-05-09,13,99,36,31,9,3
MN,Mongolia,,,,,,ChIJS22qaQYFJzYRluDmNzkh3eA,2021-05-10,16,86,29,35,1,8
MN,Mongolia,,,,,,ChIJS22qaQYFJzYRluDmNzkh3eA,2021-05-11,18,98,23,36,2,8
MN,Mongolia,,,,,,ChIJS22qaQYFJzYRluDmNzkh3eA,2021-05-12,16,94,21,40,5,8
MN,Mongolia,,,,,,ChIJS22qaQYFJzYRluDmNzkh3eA,2021-05-13,11,87,24,35,3,8
MN,Mongolia,,,,,,ChIJS22qaQYFJzYRluDmNzkh3eA,2021-05-14,5,92,18,33,3,8
MN,Mongolia,,,,,,ChIJS22qaQYFJzYRluDmNzkh3eA,2021-05-15,25,116,53,58,14,0
MN,Mongolia,,,,,,ChIJS22qaQYFJzYRluDmNzkh3eA,2021-05-16,29,121,58,49,12,-2
MN,Mongolia,,,,,,ChIJS22qaQYFJzYRluDmNzkh3eA,2021-05-17,23,91,39,42,11,4
MN,Mongolia,,,,,,ChIJS22qaQYFJzYRluDmNzkh3eA,2021-05-18,24,106,45,47,10,3
MN,Mongolia,,,,,,ChIJS22qaQYFJzYRluDmNzkh3eA,2021-05-19,20,94,41,46,14,4
MN,Mongolia,,,,,,ChIJS22qaQYFJzYRluDmNzkh3eA,2021-05-20,21,99,48,39,12,3
MN,Mongolia,,,,,,ChIJS22qaQYFJzYRluDmNzkh3eA,2021-05-21,16,105,31,45,13,4
MN,Mongolia,,,,,,ChIJS22qaQYFJzYRluDmNzkh3eA,2021-05-22,21,106,18,39,19,4
MN,Mongolia,,,,,,ChIJS22qaQYFJzYRluDmNzkh3eA,2021-05-23,43,137,45,60,21,0
MN,Mongolia,,,,,,ChIJS22qaQYFJzYRluDmNzkh3eA,2021-05-24,40,108,46,56,16,2
MN,Mongolia,,,,,,ChIJS22qaQYFJzYRluDmNzkh3eA,2021-05-25,47,128,54,58,17,0
MN,Mongolia,,,,,,ChIJS22qaQYFJzYRluDmNzkh3eA,2021-05-26,23,101,31,37,-31,10
MN,Mongolia,,,,,,ChIJS22qaQYFJzYRluDmNzkh3eA,2021-05-27,41,120,64,60,20,1
MN,Mongolia,,,,,,ChIJS22qaQYFJzYRluDmNzkh3eA,2021-05-28,36,124,69,60,20,0
MN,Mongolia,,,,,,ChIJS22qaQYFJzYRluDmNzkh3eA,2021-05-29,46,133,82,67,36,-2
MN,Mongolia,,,,,,ChIJS22qaQYFJzYRluDmNzkh3eA,2021-05-30,50,137,45,57,31,-2
MN,Mongolia,,,,,,ChIJS22qaQYFJzYRluDmNzkh3eA,2021-05-31,71,155,82,77,22,-2
MN,Mongolia,,,,,,ChIJS22qaQYFJzYRluDmNzkh3eA,2021-06-01,39,150,83,39,-54,7
MN,Mongolia,,,,,,ChIJS22qaQYFJzYRluDmNzkh3eA,2021-06-02,43,116,70,60,22,0
MN,Mongolia,,,,,,ChIJS22qaQYFJzYRluDmNzkh3eA,2021-06-03,52,124,99,68,21,-1
MN,Mongolia,,,,,,ChIJS22qaQYFJzYRluDmNzkh3eA,2021-06-04,42,133,85,65,20,-1
MN,Mongolia,,,,,,ChIJS22qaQYFJzYRluDmNzkh3eA,2021-06-05,46,147,114,81,32,-7
MN,Mongolia,,,,,,ChIJS22qaQYFJzYRluDmNzkh3eA,2021-06-06,45,138,79,61,26,-6
MN,Mongolia,,,,,,ChIJS22qaQYFJzYRluDmNzkh3eA,2021-06-07,43,114,51,60,19,1
MN,Mongolia,,,,,,ChIJS22qaQYFJzYRluDmNzkh3eA,2021-06-08,49,133,58,65,17,1
MN,Mongolia,,,,,,ChIJS22qaQYFJzYRluDmNzkh3eA,2021-06-09,20,113,76,45,-42,5
MN,Mongolia,,,,,,ChIJS22qaQYFJzYRluDmNzkh3eA,2021-06-10,43,125,87,65,18,0
MN,Mongolia,,,,,,ChIJS22qaQYFJzYRluDmNzkh3eA,2021-06-11,38,132,99,66,17,0
MN,Mongolia,,,,,,ChIJS22qaQYFJzYRluDmNzkh3eA,2021-06-12,40,135,121,68,24,-5
MN,Mongolia,,,,,,ChIJS22qaQYFJzYRluDmNzkh3eA,2021-06-13,41,127,114,53,20,-6
MN,Mongolia,,,,,,ChIJS22qaQYFJzYRluDmNzkh3eA,2021-06-14,35,104,62,57,11,0
MN,Mongolia,,,,,,ChIJS22qaQYFJzYRluDmNzkh3eA,2021-06-15,35,114,41,52,11,2
MN,Mongolia,,,,,,ChIJS22qaQYFJzYRluDmNzkh3eA,2021-06-16,33,115,43,56,10,2
MN,Mongolia,,,,,,ChIJS22qaQYFJzYRluDmNzkh3eA,2021-06-17,18,104,40,44,4,4
MN,Mongolia,,,,,,ChIJS22qaQYFJzYRluDmNzkh3eA,2021-06-18,11,105,30,42,3,3
MN,Mongolia,,,,,,ChIJS22qaQYFJzYRluDmNzkh3eA,2021-06-19,15,116,61,50,12,-4
MN,Mongolia,,,,,,ChIJS22qaQYFJzYRluDmNzkh3eA,2021-06-20,15,111,66,41,9,-7
MN,Mongolia,,,,,,ChIJS22qaQYFJzYRluDmNzkh3eA,2021-06-21,17,96,41,41,-1,0
MN,Mongolia,,,,,,ChIJS22qaQYFJzYRluDmNzkh3eA,2021-06-22,18,102,32,40,-2,2
MN,Mongolia,,,,,,ChIJS22qaQYFJzYRluDmNzkh3eA,2021-06-23,17,102,50,46,1,1
MN,Mongolia,,,,,,ChIJS22qaQYFJzYRluDmNzkh3eA,2021-06-24,14,99,38,38,-2,2
MN,Mongolia,,,,,,ChIJS22qaQYFJzYRluDmNzkh3eA,2021-06-25,10,105,41,42,-2,2
MN,Mongolia,,,,,,ChIJS22qaQYFJzYRluDmNzkh3eA,2021-06-26,14,115,65,50,11,-5
MN,Mongolia,,,,,,ChIJS22qaQYFJzYRluDmNzkh3eA,2021-06-27,11,107,68,34,7,-8
MN,Mongolia,,,,,,ChIJS22qaQYFJzYRluDmNzkh3eA,2021-06-28,19,92,46,41,0,0
MN,Mongolia,,,,,,ChIJS22qaQYFJzYRluDmNzkh3eA,2021-06-29,20,98,31,35,1,3
MN,Mongolia,,,,,,ChIJS22qaQYFJzYRluDmNzkh3eA,2021-06-30,18,95,29,39,3,3
MN,Mongolia,,,,,,ChIJS22qaQYFJzYRluDmNzkh3eA,2021-07-01,23,106,58,43,3,4
MN,Mongolia,,,,,,ChIJS22qaQYFJzYRluDmNzkh3eA,2021-07-02,19,113,37,48,3,4
MN,Mongolia,,,,,,ChIJS22qaQYFJzYRluDmNzkh3eA,2021-07-03,27,125,56,54,23,-3
MN,Mongolia,,,,,,ChIJS22qaQYFJzYRluDmNzkh3eA,2021-07-04,29,128,66,49,18,-7
MN,Mongolia,,,,,,ChIJS22qaQYFJzYRluDmNzkh3eA,2021-07-05,35,111,59,53,5,-1
MN,Mongolia,,,,,,ChIJS22qaQYFJzYRluDmNzkh3eA,2021-07-06,39,131,56,60,5,-2
MN,Mongolia,,,,,,ChIJS22qaQYFJzYRluDmNzkh3eA,2021-07-07,30,110,64,50,3,-5
MN,Mongolia,,,,,,ChIJS22qaQYFJzYRluDmNzkh3eA,2021-07-08,38,134,72,62,2,-6
MN,Mongolia,,,,,,ChIJS22qaQYFJzYRluDmNzkh3eA,2021-07-09,42,161,59,77,1,-5
MN,Mongolia,,,,,,ChIJS22qaQYFJzYRluDmNzkh3eA,2021-07-10,53,180,78,81,0,-13
MN,Mongolia,,,,,,ChIJS22qaQYFJzYRluDmNzkh3eA,2021-07-11,-12,104,128,11,-41,-15
MN,Mongolia,,,,,,ChIJS22qaQYFJzYRluDmNzkh3eA,2021-07-12,-33,53,99,-21,-75,-3
MN,Mongolia,,,,,,ChIJS22qaQYFJzYRluDmNzkh3eA,2021-07-13,-32,54,92,-21,-73,-1
MN,Mongolia,,,,,,ChIJS22qaQYFJzYRluDmNzkh3eA,2021-07-14,-23,58,94,-12,-68,1
MN,Mongolia,,,,,,ChIJS22qaQYFJzYRluDmNzkh3eA,2021-07-15,-18,65,94,-4,-63,0
MN,Mongolia,,,,,,ChIJS22qaQYFJzYRluDmNzkh3eA,2021-07-16,-17,62,53,-5,-56,4
MN,Mongolia,,,,,,ChIJS22qaQYFJzYRluDmNzkh3eA,2021-07-17,2,82,87,18,-14,-6
MN,Mongolia,,,,,,ChIJS22qaQYFJzYRluDmNzkh3eA,2021-07-18,14,98,91,28,-1,-9
MN,Mongolia,,,,,,ChIJS22qaQYFJzYRluDmNzkh3eA,2021-07-19,31,105,64,43,-2,-2
MN,Mongolia,,,,,,ChIJS22qaQYFJzYRluDmNzkh3eA,2021-07-20,38,120,70,53,1,-2
MN,Mongolia,,,,,,ChIJS22qaQYFJzYRluDmNzkh3eA,2021-07-21,34,119,58,56,4,-2
MN,Mongolia,,,,,,ChIJS22qaQYFJzYRluDmNzkh3eA,2021-07-22,36,119,66,54,2,-4
MN,Mongolia,,,,,,ChIJS22qaQYFJzYRluDmNzkh3eA,2021-07-23,22,114,44,44,2,-2
MN,Mongolia,,,,,,ChIJS22qaQYFJzYRluDmNzkh3eA,2021-07-24,36,121,84,62,63,-10
MN,Mongolia,,,,,,ChIJS22qaQYFJzYRluDmNzkh3eA,2021-07-25,33,124,80,46,11,-9
MN,Mongolia,,,,,,ChIJS22qaQYFJzYRluDmNzkh3eA,2021-07-26,37,109,69,52,4,-3
MN,Mongolia,,,,,,ChIJS22qaQYFJzYRluDmNzkh3eA,2021-07-27,40,118,62,52,4,-3
MN,Mongolia,,,,,,ChIJS22qaQYFJzYRluDmNzkh3eA,2021-07-28,35,118,64,57,5,-3
MN,Mongolia,,,,,,ChIJS22qaQYFJzYRluDmNzkh3eA,2021-07-29,35,116,66,55,4,-3
MN,Mongolia,,,,,,ChIJS22qaQYFJzYRluDmNzkh3eA,2021-07-30,25,118,37,50,4,-2
MN,Mongolia,,,,,,ChIJS22qaQYFJzYRluDmNzkh3eA,2021-07-31,33,125,73,55,20,-7
MN,Mongolia,,,,,,ChIJS22qaQYFJzYRluDmNzkh3eA,2021-08-01,38,135,92,54,13,-11
MN,Mongolia,,,,,,ChIJS22qaQYFJzYRluDmNzkh3eA,2021-08-02,43,117,60,60,4,-3
MN,Mongolia,,,,,,ChIJS22qaQYFJzYRluDmNzkh3eA,2021-08-03,48,128,67,62,5,-2
MN,Mongolia,,,,,,ChIJS22qaQYFJzYRluDmNzkh3eA,2021-08-04,45,126,63,63,8,-2
MN,Mongolia,,,,,,ChIJS22qaQYFJzYRluDmNzkh3eA,2021-08-05,48,128,79,65,7,-4
MN,Mongolia,,,,,,ChIJS22qaQYFJzYRluDmNzkh3eA,2021-08-06,35,130,65,58,3,-4
MN,Mongolia,,,,,,ChIJS22qaQYFJzYRluDmNzkh3eA,2021-08-07,39,129,91,60,15,-8
MN,Mongolia,,,,,,ChIJS22qaQYFJzYRluDmNzkh3eA,2021-08-08,45,134,91,58,11,-9
MN,Mongolia,,,,,,ChIJS22qaQYFJzYRluDmNzkh3eA,2021-08-09,50,123,74,63,7,-4
MN,Mongolia,,,,,,ChIJS22qaQYFJzYRluDmNzkh3eA,2021-08-10,57,140,79,70,9,-4
MN,Mongolia,,,,,,ChIJS22qaQYFJzYRluDmNzkh3eA,2021-08-11,50,130,79,68,9,-5
MN,Mongolia,,,,,,ChIJS22qaQYFJzYRluDmNzkh3eA,2021-08-12,51,127,86,70,8,-4
MN,Mongolia,,,,,,ChIJS22qaQYFJzYRluDmNzkh3eA,2021-08-13,39,127,55,63,6,-3
MN,Mongolia,,,,,,ChIJS22qaQYFJzYRluDmNzkh3eA,2021-08-14,47,132,84,71,19,-7
MN,Mongolia,,,,,,ChIJS22qaQYFJzYRluDmNzkh3eA,2021-08-15,53,138,99,65,17,-10
MN,Mongolia,,,,,,ChIJS22qaQYFJzYRluDmNzkh3eA,2021-08-16,57,123,71,71,9,-4
MN,Mongolia,,,,,,ChIJS22qaQYFJzYRluDmNzkh3eA,2021-08-17,57,130,62,76,8,-3
MN,Mongolia,,,,,,ChIJS22qaQYFJzYRluDmNzkh3eA,2021-08-18,54,131,63,75,16,-2
MN,Mongolia,,,,,,ChIJS22qaQYFJzYRluDmNzkh3eA,2021-08-19,63,132,75,87,13,-3
MN,Mongolia,,,,,,ChIJS22qaQYFJzYRluDmNzkh3eA,2021-08-20,51,138,61,70,12,-3
MN,Mongolia,,,,,,ChIJS22qaQYFJzYRluDmNzkh3eA,2021-08-21,59,144,59,83,21,-5
MN,Mongolia,,,,,,ChIJS22qaQYFJzYRluDmNzkh3eA,2021-08-22,67,150,71,82,20,-6
MN,Mongolia,,,,,,ChIJS22qaQYFJzYRluDmNzkh3eA,2021-08-23,61,122,54,72,14,-1
MN,Mongolia,,,,,,ChIJS22qaQYFJzYRluDmNzkh3eA,2021-08-24,64,138,57,72,16,-1
MN,Mongolia,,,,,,ChIJS22qaQYFJzYRluDmNzkh3eA,2021-08-25,63,138,55,76,18,-1
MN,Mongolia,,,,,,ChIJS22qaQYFJzYRluDmNzkh3eA,2021-08-26,67,142,67,84,15,-1
MN,Mongolia,,,,,,ChIJS22qaQYFJzYRluDmNzkh3eA,2021-08-27,54,142,63,75,15,-1
MN,Mongolia,,,,,,ChIJS22qaQYFJzYRluDmNzkh3eA,2021-08-28,66,154,114,87,23,-4
MN,Mongolia,,,,,,ChIJS22qaQYFJzYRluDmNzkh3eA,2021-08-29,83,173,138,90,24,-7
MN,Mongolia,,,,,,ChIJS22qaQYFJzYRluDmNzkh3eA,2021-08-30,82,157,93,98,19,-3
MN,Mongolia,,,,,,ChIJS22qaQYFJzYRluDmNzkh3eA,2021-08-31,89,183,83,101,21,-3
MN,Mongolia,,,,,,ChIJS22qaQYFJzYRluDmNzkh3eA,2021-09-01,70,153,71,93,20,-1
MN,Mongolia,,,,,,ChIJS22qaQYFJzYRluDmNzkh3eA,2021-09-02,69,154,85,91,21,-1
MN,Mongolia,,,,,,ChIJS22qaQYFJzYRluDmNzkh3eA,2021-09-03,55,144,61,85,19,0
MN,Mongolia,,,,,,ChIJS22qaQYFJzYRluDmNzkh3eA,2021-09-04,66,148,47,86,21,0
MN,Mongolia,,,,,,ChIJS22qaQYFJzYRluDmNzkh3eA,2021-09-05,76,174,73,93,22,-3
MN,Mongolia,,,,,,ChIJS22qaQYFJzYRluDmNzkh3eA,2021-09-06,72,146,75,93,19,0
MN,Mongolia,,,,,,ChIJS22qaQYFJzYRluDmNzkh3eA,2021-09-07,70,152,66,90,21,1
MN,Mongolia,,,,,,ChIJS22qaQYFJzYRluDmNzkh3eA,2021-09-08,58,138,61,79,25,2
MN,Mongolia,,,,,,ChIJS22qaQYFJzYRluDmNzkh3eA,2021-09-09,63,139,67,82,21,2
MN,Mongolia,,,,,,ChIJS22qaQYFJzYRluDmNzkh3eA,2021-09-10,58,142,76,86,20,1
MN,Mongolia,,,,,,ChIJS22qaQYFJzYRluDmNzkh3eA,2021-09-11,63,151,73,90,20,-1
MN,Mongolia,,,,,,ChIJS22qaQYFJzYRluDmNzkh3eA,2021-09-12,80,173,95,92,22,-3
MN,Mongolia,Darkhan-Uul,,,MN-037,,ChIJ04c8XC9Ao10RLinO7khnJSc,2021-01-01,,,,,-73,
MN,Mongolia,Darkhan-Uul,,,MN-037,,ChIJ04c8XC9Ao10RLinO7khnJSc,2021-02-12,,,,,-58,
MN,Mongolia,Darkhan-Uul,,,MN-037,,ChIJ04c8XC9Ao10RLinO7khnJSc,2021-04-19,,,,,-54,
MN,Mongolia,Darkhan-Uul,,,MN-037,,ChIJ04c8XC9Ao10RLinO7khnJSc,2021-04-21,,,,,-55,
MN,Mongolia,Darkhan-Uul,,,MN-037,,ChIJ04c8XC9Ao10RLinO7khnJSc,2021-04-22,,,,,-62,
MN,Mongolia,Darkhan-Uul,,,MN-037,,ChIJ04c8XC9Ao10RLinO7khnJSc,2021-04-23,,,,,-62,
MN,Mongolia,Darkhan-Uul,,,MN-037,,ChIJ04c8XC9Ao10RLinO7khnJSc,2021-07-12,,,,,-62,
MN,Mongolia,Darkhan-Uul,,,MN-037,,ChIJ04c8XC9Ao10RLinO7khnJSc,2021-07-13,,,,,-62,
MN,Mongolia,Darkhan-Uul,,,MN-037,,ChIJ04c8XC9Ao10RLinO7khnJSc,2021-07-14,,,,,-58,
MN,Mongolia,Darkhan-Uul,,,MN-037,,ChIJ04c8XC9Ao10RLinO7khnJSc,2021-07-15,,,,,-53,
MN,Mongolia,Orkhon,,,MN-035,,ChIJD57TOwAHol0Rl8HArIJY_CU,2021-01-01,,,,,-76,
MN,Mongolia,Orkhon,,,MN-035,,ChIJD57TOwAHol0Rl8HArIJY_CU,2021-02-12,,,,,-64,
MN,Mongolia,Orkhon,,,MN-035,,ChIJD57TOwAHol0Rl8HArIJY_CU,2021-03-08,,,,,-47,
MN,Mongolia,Orkhon,,,MN-035,,ChIJD57TOwAHol0Rl8HArIJY_CU,2021-04-19,,,,,-27,
MN,Mongolia,Orkhon,,,MN-035,,ChIJD57TOwAHol0Rl8HArIJY_CU,2021-04-20,,,,,-28,
MN,Mongolia,Orkhon,,,MN-035,,ChIJD57TOwAHol0Rl8HArIJY_CU,2021-04-21,,,,,-32,
MN,Mongolia,Orkhon,,,MN-035,,ChIJD57TOwAHol0Rl8HArIJY_CU,2021-05-26,,,,,-29,
MN,Mongolia,Orkhon,,,MN-035,,ChIJD57TOwAHol0Rl8HArIJY_CU,2021-06-01,,,,,-45,
MN,Mongolia,Orkhon,,,MN-035,,ChIJD57TOwAHol0Rl8HArIJY_CU,2021-06-09,,,,,-42,
MN,Mongolia,Orkhon,,,MN-035,,ChIJD57TOwAHol0Rl8HArIJY_CU,2021-07-12,,,,,-68,
MN,Mongolia,Orkhon,,,MN-035,,ChIJD57TOwAHol0Rl8HArIJY_CU,2021-07-13,,,,,-71,
MN,Mongolia,Orkhon,,,MN-035,,ChIJD57TOwAHol0Rl8HArIJY_CU,2021-07-14,,,,,-65,
MN,Mongolia,Orkhon,,,MN-035,,ChIJD57TOwAHol0Rl8HArIJY_CU,2021-07-15,,,,,-62,
MN,Mongolia,Orkhon,,,MN-035,,ChIJD57TOwAHol0Rl8HArIJY_CU,2021-07-16,,,,,-49,
MN,Mongolia,Ulaanbaatar,,,MN-1,,ChIJq4qx4luSll0RUeihxGubDJs,2021-01-01,-81,-51,-74,-62,-81,43
MN,Mongolia,Ulaanbaatar,,,MN-1,,ChIJq4qx4luSll0RUeihxGubDJs,2021-01-02,-71,-34,-62,-50,-52,27
MN,Mongolia,Ulaanbaatar,,,MN-1,,ChIJq4qx4luSll0RUeihxGubDJs,2021-01-03,-65,-26,-54,-46,-40,21
MN,Mongolia,Ulaanbaatar,,,MN-1,,ChIJq4qx4luSll0RUeihxGubDJs,2021-01-04,-61,-19,-60,-40,-47,32
MN,Mongolia,Ulaanbaatar,,,MN-1,,ChIJq4qx4luSll0RUeihxGubDJs,2021-01-05,-60,-13,-57,-41,-48,31
MN,Mongolia,Ulaanbaatar,,,MN-1,,ChIJq4qx4luSll0RUeihxGubDJs,2021-01-06,-60,-10,-62,-39,-44,32
MN,Mongolia,Ulaanbaatar,,,MN-1,,ChIJq4qx4luSll0RUeihxGubDJs,2021-01-07,-55,2,-60,-37,-46,31
MN,Mongolia,Ulaanbaatar,,,MN-1,,ChIJq4qx4luSll0RUeihxGubDJs,2021-01-08,-62,-14,-69,-45,-49,36
MN,Mongolia,Ulaanbaatar,,,MN-1,,ChIJq4qx4luSll0RUeihxGubDJs,2021-01-09,-62,-21,-53,-46,-40,26
MN,Mongolia,Ulaanbaatar,,,MN-1,,ChIJq4qx4luSll0RUeihxGubDJs,2021-01-10,-62,-18,-56,-44,-34,20
MN,Mongolia,Ulaanbaatar,,,MN-1,,ChIJq4qx4luSll0RUeihxGubDJs,2021-01-11,-34,12,-48,-19,-22,21
MN,Mongolia,Ulaanbaatar,,,MN-1,,ChIJq4qx4luSll0RUeihxGubDJs,2021-01-12,-32,20,-41,-16,-24,20
MN,Mongolia,Ulaanbaatar,,,MN-1,,ChIJq4qx4luSll0RUeihxGubDJs,2021-01-13,-33,13,-40,-19,-23,19
MN,Mongolia,Ulaanbaatar,,,MN-1,,ChIJq4qx4luSll0RUeihxGubDJs,2021-01-14,-38,9,-44,-24,-29,18
MN,Mongolia,Ulaanbaatar,,,MN-1,,ChIJq4qx4luSll0RUeihxGubDJs,2021-01-15,-39,4,-48,-26,-30,20
MN,Mongolia,Ulaanbaatar,,,MN-1,,ChIJq4qx4luSll0RUeihxGubDJs,2021-01-16,-39,2,-43,-28,-25,14
MN,Mongolia,Ulaanbaatar,,,MN-1,,ChIJq4qx4luSll0RUeihxGubDJs,2021-01-17,-37,11,-28,-23,-22,9
MN,Mongolia,Ulaanbaatar,,,MN-1,,ChIJq4qx4luSll0RUeihxGubDJs,2021-01-18,-28,11,-36,-17,-21,15
MN,Mongolia,Ulaanbaatar,,,MN-1,,ChIJq4qx4luSll0RUeihxGubDJs,2021-01-19,-27,17,-29,-17,-23,15
MN,Mongolia,Ulaanbaatar,,,MN-1,,ChIJq4qx4luSll0RUeihxGubDJs,2021-01-20,-26,18,-7,-13,-20,16
MN,Mongolia,Ulaanbaatar,,,MN-1,,ChIJq4qx4luSll0RUeihxGubDJs,2021-01-21,-29,21,-36,-18,-22,16
MN,Mongolia,Ulaanbaatar,,,MN-1,,ChIJq4qx4luSll0RUeihxGubDJs,2021-01-22,-31,14,-34,-22,-21,17
MN,Mongolia,Ulaanbaatar,,,MN-1,,ChIJq4qx4luSll0RUeihxGubDJs,2021-01-23,-18,20,-6,-13,-9,8
MN,Mongolia,Ulaanbaatar,,,MN-1,,ChIJq4qx4luSll0RUeihxGubDJs,2021-01-24,-15,23,-10,-14,-7,7
MN,Mongolia,Ulaanbaatar,,,MN-1,,ChIJq4qx4luSll0RUeihxGubDJs,2021-01-25,-15,17,-17,-13,-15,15
MN,Mongolia,Ulaanbaatar,,,MN-1,,ChIJq4qx4luSll0RUeihxGubDJs,2021-01-26,-15,27,-19,-15,-16,15
MN,Mongolia,Ulaanbaatar,,,MN-1,,ChIJq4qx4luSll0RUeihxGubDJs,2021-01-27,-16,22,-21,-12,-13,16
MN,Mongolia,Ulaanbaatar,,,MN-1,,ChIJq4qx4luSll0RUeihxGubDJs,2021-01-28,-17,26,-26,-17,-16,15
MN,Mongolia,Ulaanbaatar,,,MN-1,,ChIJq4qx4luSll0RUeihxGubDJs,2021-01-29,-14,29,-26,-14,-15,16
MN,Mongolia,Ulaanbaatar,,,MN-1,,ChIJq4qx4luSll0RUeihxGubDJs,2021-01-30,0,39,0,-1,-3,8
MN,Mongolia,Ulaanbaatar,,,MN-1,,ChIJq4qx4luSll0RUeihxGubDJs,2021-01-31,-1,43,-17,-4,0,6
MN,Mongolia,Ulaanbaatar,,,MN-1,,ChIJq4qx4luSll0RUeihxGubDJs,2021-02-01,-3,36,-28,-4,-12,13
MN,Mongolia,Ulaanbaatar,,,MN-1,,ChIJq4qx4luSll0RUeihxGubDJs,2021-02-02,0,52,-20,3,-14,12
MN,Mongolia,Ulaanbaatar,,,MN-1,,ChIJq4qx4luSll0RUeihxGubDJs,2021-02-03,0,46,-16,4,-11,13
MN,Mongolia,Ulaanbaatar,,,MN-1,,ChIJq4qx4luSll0RUeihxGubDJs,2021-02-04,-4,38,-23,-8,-14,14
MN,Mongolia,Ulaanbaatar,,,MN-1,,ChIJq4qx4luSll0RUeihxGubDJs,2021-02-05,-7,35,-34,-11,-13,15
MN,Mongolia,Ulaanbaatar,,,MN-1,,ChIJq4qx4luSll0RUeihxGubDJs,2021-02-06,-1,37,-14,-6,6,9
MN,Mongolia,Ulaanbaatar,,,MN-1,,ChIJq4qx4luSll0RUeihxGubDJs,2021-02-07,4,47,-8,-4,9,6
MN,Mongolia,Ulaanbaatar,,,MN-1,,ChIJq4qx4luSll0RUeihxGubDJs,2021-02-08,5,40,-7,1,-10,12
MN,Mongolia,Ulaanbaatar,,,MN-1,,ChIJq4qx4luSll0RUeihxGubDJs,2021-02-09,19,87,-3,13,-11,10
MN,Mongolia,Ulaanbaatar,,,MN-1,,ChIJq4qx4luSll0RUeihxGubDJs,2021-02-10,32,126,6,36,-12,7
MN,Mongolia,Ulaanbaatar,,,MN-1,,ChIJq4qx4luSll0RUeihxGubDJs,2021-02-11,-85,-49,-85,-73,-81,44
MN,Mongolia,Ulaanbaatar,,,MN-1,,ChIJq4qx4luSll0RUeihxGubDJs,2021-02-12,-93,-83,-89,-85,-87,51
MN,Mongolia,Ulaanbaatar,,,MN-1,,ChIJq4qx4luSll0RUeihxGubDJs,2021-02-13,-89,-71,-82,-81,-73,35
MN,Mongolia,Ulaanbaatar,,,MN-1,,ChIJq4qx4luSll0RUeihxGubDJs,2021-02-14,-83,-54,-76,-75,-61,26
MN,Mongolia,Ulaanbaatar,,,MN-1,,ChIJq4qx4luSll0RUeihxGubDJs,2021-02-15,-83,-54,-83,-72,-74,41
MN,Mongolia,Ulaanbaatar,,,MN-1,,ChIJq4qx4luSll0RUeihxGubDJs,2021-02-16,-78,-39,-80,-66,-69,38
MN,Mongolia,Ulaanbaatar,,,MN-1,,ChIJq4qx4luSll0RUeihxGubDJs,2021-02-17,-75,-34,-77,-63,-66,38
MN,Mongolia,Ulaanbaatar,,,MN-1,,ChIJq4qx4luSll0RUeihxGubDJs,2021-02-18,-74,-30,-75,-62,-66,37
MN,Mongolia,Ulaanbaatar,,,MN-1,,ChIJq4qx4luSll0RUeihxGubDJs,2021-02-19,-74,-29,-77,-61,-64,39
MN,Mongolia,Ulaanbaatar,,,MN-1,,ChIJq4qx4luSll0RUeihxGubDJs,2021-02-20,-69,-29,-64,-59,-47,26
MN,Mongolia,Ulaanbaatar,,,MN-1,,ChIJq4qx4luSll0RUeihxGubDJs,2021-02-21,-71,-30,-66,-61,-43,21
MN,Mongolia,Ulaanbaatar,,,MN-1,,ChIJq4qx4luSll0RUeihxGubDJs,2021-02-22,-70,-29,-74,-58,-60,34
MN,Mongolia,Ulaanbaatar,,,MN-1,,ChIJq4qx4luSll0RUeihxGubDJs,2021-02-23,12,62,-3,14,-8,6
MN,Mongolia,Ulaanbaatar,,,MN-1,,ChIJq4qx4luSll0RUeihxGubDJs,2021-02-24,7,47,-12,6,-6,9
MN,Mongolia,Ulaanbaatar,,,MN-1,,ChIJq4qx4luSll0RUeihxGubDJs,2021-02-25,5,47,-12,5,-8,10
MN,Mongolia,Ulaanbaatar,,,MN-1,,ChIJq4qx4luSll0RUeihxGubDJs,2021-02-26,8,46,-10,2,-9,11
MN,Mongolia,Ulaanbaatar,,,MN-1,,ChIJq4qx4luSll0RUeihxGubDJs,2021-02-27,15,50,-5,9,5,4
MN,Mongolia,Ulaanbaatar,,,MN-1,,ChIJq4qx4luSll0RUeihxGubDJs,2021-02-28,19,57,-2,10,8,3
MN,Mongolia,Ulaanbaatar,,,MN-1,,ChIJq4qx4luSll0RUeihxGubDJs,2021-03-01,9,41,-5,9,-4,9
MN,Mongolia,Ulaanbaatar,,,MN-1,,ChIJq4qx4luSll0RUeihxGubDJs,2021-03-02,9,50,-7,5,-5,8
MN,Mongolia,Ulaanbaatar,,,MN-1,,ChIJq4qx4luSll0RUeihxGubDJs,2021-03-03,11,49,-5,13,-5,9
MN,Mongolia,Ulaanbaatar,,,MN-1,,ChIJq4qx4luSll0RUeihxGubDJs,2021-03-04,9,53,4,16,-7,8
MN,Mongolia,Ulaanbaatar,,,MN-1,,ChIJq4qx4luSll0RUeihxGubDJs,2021-03-05,14,60,3,15,-5,8
MN,Mongolia,Ulaanbaatar,,,MN-1,,ChIJq4qx4luSll0RUeihxGubDJs,2021-03-06,28,71,13,20,4,3
MN,Mongolia,Ulaanbaatar,,,MN-1,,ChIJq4qx4luSll0RUeihxGubDJs,2021-03-07,44,103,40,31,9,-2
MN,Mongolia,Ulaanbaatar,,,MN-1,,ChIJq4qx4luSll0RUeihxGubDJs,2021-03-08,-1,61,-33,-5,-59,18
MN,Mongolia,Ulaanbaatar,,,MN-1,,ChIJq4qx4luSll0RUeihxGubDJs,2021-03-09,4,49,-7,8,-5,9
MN,Mongolia,Ulaanbaatar,,,MN-1,,ChIJq4qx4luSll0RUeihxGubDJs,2021-03-10,8,60,-2,16,-2,9
MN,Mongolia,Ulaanbaatar,,,MN-1,,ChIJq4qx4luSll0RUeihxGubDJs,2021-03-11,5,65,-2,14,-5,9
MN,Mongolia,Ulaanbaatar,,,MN-1,,ChIJq4qx4luSll0RUeihxGubDJs,2021-03-12,2,59,-4,10,-6,10
MN,Mongolia,Ulaanbaatar,,,MN-1,,ChIJq4qx4luSll0RUeihxGubDJs,2021-03-13,14,67,37,17,7,4
MN,Mongolia,Ulaanbaatar,,,MN-1,,ChIJq4qx4luSll0RUeihxGubDJs,2021-03-14,-3,54,-19,0,3,6
MN,Mongolia,Ulaanbaatar,,,MN-1,,ChIJq4qx4luSll0RUeihxGubDJs,2021-03-15,-2,44,-11,5,-3,12
MN,Mongolia,Ulaanbaatar,,,MN-1,,ChIJq4qx4luSll0RUeihxGubDJs,2021-03-16,6,59,-2,8,-3,11
MN,Mongolia,Ulaanbaatar,,,MN-1,,ChIJq4qx4luSll0RUeihxGubDJs,2021-03-17,3,58,-12,11,-3,13
MN,Mongolia,Ulaanbaatar,,,MN-1,,ChIJq4qx4luSll0RUeihxGubDJs,2021-03-18,3,65,-25,8,-8,13
MN,Mongolia,Ulaanbaatar,,,MN-1,,ChIJq4qx4luSll0RUeihxGubDJs,2021-03-19,-13,38,-36,-4,-11,17
MN,Mongolia,Ulaanbaatar,,,MN-1,,ChIJq4qx4luSll0RUeihxGubDJs,2021-03-20,9,64,-8,11,9,8
MN,Mongolia,Ulaanbaatar,,,MN-1,,ChIJq4qx4luSll0RUeihxGubDJs,2021-03-21,15,78,24,18,11,3
MN,Mongolia,Ulaanbaatar,,,MN-1,,ChIJq4qx4luSll0RUeihxGubDJs,2021-03-22,6,55,12,19,-1,10
MN,Mongolia,Ulaanbaatar,,,MN-1,,ChIJq4qx4luSll0RUeihxGubDJs,2021-03-23,7,62,3,14,-2,10
MN,Mongolia,Ulaanbaatar,,,MN-1,,ChIJq4qx4luSll0RUeihxGubDJs,2021-03-24,3,61,5,14,1,11
MN,Mongolia,Ulaanbaatar,,,MN-1,,ChIJq4qx4luSll0RUeihxGubDJs,2021-03-25,1,62,-4,10,-3,11
MN,Mongolia,Ulaanbaatar,,,MN-1,,ChIJq4qx4luSll0RUeihxGubDJs,2021-03-26,-1,64,-7,12,-3,12
MN,Mongolia,Ulaanbaatar,,,MN-1,,ChIJq4qx4luSll0RUeihxGubDJs,2021-03-27,-1,51,-18,2,8,10
MN,Mongolia,Ulaanbaatar,,,MN-1,,ChIJq4qx4luSll0RUeihxGubDJs,2021-03-28,9,73,19,11,12,5
MN,Mongolia,Ulaanbaatar,,,MN-1,,ChIJq4qx4luSll0RUeihxGubDJs,2021-03-29,3,55,5,14,-2,10
MN,Mongolia,Ulaanbaatar,,,MN-1,,ChIJq4qx4luSll0RUeihxGubDJs,2021-03-30,11,72,18,18,-2,8
MN,Mongolia,Ulaanbaatar,,,MN-1,,ChIJq4qx4luSll0RUeihxGubDJs,2021-03-31,10,75,13,21,-1,9
MN,Mongolia,Ulaanbaatar,,,MN-1,,ChIJq4qx4luSll0RUeihxGubDJs,2021-04-01,1,69,-10,10,-4,12
MN,Mongolia,Ulaanbaatar,,,MN-1,,ChIJq4qx4luSll0RUeihxGubDJs,2021-04-02,7,73,-4,14,-3,11
MN,Mongolia,Ulaanbaatar,,,MN-1,,ChIJq4qx4luSll0RUeihxGubDJs,2021-04-03,-8,52,9,6,3,9
MN,Mongolia,Ulaanbaatar,,,MN-1,,ChIJq4qx4luSll0RUeihxGubDJs,2021-04-04,-1,75,48,15,3,4
MN,Mongolia,Ulaanbaatar,,,MN-1,,ChIJq4qx4luSll0RUeihxGubDJs,2021-04-05,2,63,7,15,-4,11
MN,Mongolia,Ulaanbaatar,,,MN-1,,ChIJq4qx4luSll0RUeihxGubDJs,2021-04-06,4,78,6,19,-6,11
MN,Mongolia,Ulaanbaatar,,,MN-1,,ChIJq4qx4luSll0RUeihxGubDJs,2021-04-07,2,75,9,21,-6,11
MN,Mongolia,Ulaanbaatar,,,MN-1,,ChIJq4qx4luSll0RUeihxGubDJs,2021-04-08,10,95,34,28,-5,8
MN,Mongolia,Ulaanbaatar,,,MN-1,,ChIJq4qx4luSll0RUeihxGubDJs,2021-04-09,47,166,67,92,-2,1
MN,Mongolia,Ulaanbaatar,,,MN-1,,ChIJq4qx4luSll0RUeihxGubDJs,2021-04-10,-59,7,-40,-38,-49,24
MN,Mongolia,Ulaanbaatar,,,MN-1,,ChIJq4qx4luSll0RUeihxGubDJs,2021-04-11,-63,-5,-48,-51,-48,22
MN,Mongolia,Ulaanbaatar,,,MN-1,,ChIJq4qx4luSll0RUeihxGubDJs,2021-04-12,-59,5,-56,-40,-58,33
MN,Mongolia,Ulaanbaatar,,,MN-1,,ChIJq4qx4luSll0RUeihxGubDJs,2021-04-13,-55,17,-43,-36,-57,30
MN,Mongolia,Ulaanbaatar,,,MN-1,,ChIJq4qx4luSll0RUeihxGubDJs,2021-04-14,-59,4,-54,-39,-56,33
MN,Mongolia,Ulaanbaatar,,,MN-1,,ChIJq4qx4luSll0RUeihxGubDJs,2021-04-15,-65,-6,-64,-46,-59,35
MN,Mongolia,Ulaanbaatar,,,MN-1,,ChIJq4qx4luSll0RUeihxGubDJs,2021-04-16,-64,-2,-62,-47,-57,37
MN,Mongolia,Ulaanbaatar,,,MN-1,,ChIJq4qx4luSll0RUeihxGubDJs,2021-04-17,-56,2,-27,-41,-42,24
MN,Mongolia,Ulaanbaatar,,,MN-1,,ChIJq4qx4luSll0RUeihxGubDJs,2021-04-18,-53,9,-14,-40,-36,18
MN,Mongolia,Ulaanbaatar,,,MN-1,,ChIJq4qx4luSll0RUeihxGubDJs,2021-04-19,-55,11,-41,-37,-52,26
MN,Mongolia,Ulaanbaatar,,,MN-1,,ChIJq4qx4luSll0RUeihxGubDJs,2021-04-20,-52,24,-37,-33,-53,30
MN,Mongolia,Ulaanbaatar,,,MN-1,,ChIJq4qx4luSll0RUeihxGubDJs,2021-04-21,-53,22,-35,-32,-52,30
MN,Mongolia,Ulaanbaatar,,,MN-1,,ChIJq4qx4luSll0RUeihxGubDJs,2021-04-22,-54,21,-43,-34,-52,30
MN,Mongolia,Ulaanbaatar,,,MN-1,,ChIJq4qx4luSll0RUeihxGubDJs,2021-04-23,-56,16,-56,-38,-52,33
MN,Mongolia,Ulaanbaatar,,,MN-1,,ChIJq4qx4luSll0RUeihxGubDJs,2021-04-24,-55,8,-49,-38,-35,24
MN,Mongolia,Ulaanbaatar,,,MN-1,,ChIJq4qx4luSll0RUeihxGubDJs,2021-04-25,-51,17,-40,-37,-29,18
MN,Mongolia,Ulaanbaatar,,,MN-1,,ChIJq4qx4luSll0RUeihxGubDJs,2021-04-26,-67,-13,-65,-50,-56,35
MN,Mongolia,Ulaanbaatar,,,MN-1,,ChIJq4qx4luSll0RUeihxGubDJs,2021-04-27,-61,5,-66,-46,-55,34
MN,Mongolia,Ulaanbaatar,,,MN-1,,ChIJq4qx4luSll0RUeihxGubDJs,2021-04-28,-60,6,-64,-43,-54,35
MN,Mongolia,Ulaanbaatar,,,MN-1,,ChIJq4qx4luSll0RUeihxGubDJs,2021-04-29,-60,5,-64,-45,-55,34
MN,Mongolia,Ulaanbaatar,,,MN-1,,ChIJq4qx4luSll0RUeihxGubDJs,2021-04-30,-60,8,-63,-43,-52,36
MN,Mongolia,Ulaanbaatar,,,MN-1,,ChIJq4qx4luSll0RUeihxGubDJs,2021-05-01,-51,17,-41,-37,-36,23
MN,Mongolia,Ulaanbaatar,,,MN-1,,ChIJq4qx4luSll0RUeihxGubDJs,2021-05-02,-51,19,-39,-38,-31,18
MN,Mongolia,Ulaanbaatar,,,MN-1,,ChIJq4qx4luSll0RUeihxGubDJs,2021-05-03,-59,5,-67,-43,-51,32
MN,Mongolia,Ulaanbaatar,,,MN-1,,ChIJq4qx4luSll0RUeihxGubDJs,2021-05-04,-54,21,-57,-38,-51,31
MN,Mongolia,Ulaanbaatar,,,MN-1,,ChIJq4qx4luSll0RUeihxGubDJs,2021-05-05,-57,11,-61,-40,-49,32
MN,Mongolia,Ulaanbaatar,,,MN-1,,ChIJq4qx4luSll0RUeihxGubDJs,2021-05-06,-58,12,-61,-40,-52,32
MN,Mongolia,Ulaanbaatar,,,MN-1,,ChIJq4qx4luSll0RUeihxGubDJs,2021-05-07,-58,11,-62,-39,-48,34
MN,Mongolia,Ulaanbaatar,,,MN-1,,ChIJq4qx4luSll0RUeihxGubDJs,2021-05-08,5,78,19,27,5,7
MN,Mongolia,Ulaanbaatar,,,MN-1,,ChIJq4qx4luSll0RUeihxGubDJs,2021-05-09,13,95,45,34,13,2
MN,Mongolia,Ulaanbaatar,,,MN-1,,ChIJq4qx4luSll0RUeihxGubDJs,2021-05-10,16,85,24,37,-1,8
MN,Mongolia,Ulaanbaatar,,,MN-1,,ChIJq4qx4luSll0RUeihxGubDJs,2021-05-11,17,95,14,38,0,9
MN,Mongolia,Ulaanbaatar,,,MN-1,,ChIJq4qx4luSll0RUeihxGubDJs,2021-05-12,15,94,14,40,0,9
MN,Mongolia,Ulaanbaatar,,,MN-1,,ChIJq4qx4luSll0RUeihxGubDJs,2021-05-13,9,91,14,35,-1,9
MN,Mongolia,Ulaanbaatar,,,MN-1,,ChIJq4qx4luSll0RUeihxGubDJs,2021-05-14,7,88,10,34,-2,9
MN,Mongolia,Ulaanbaatar,,,MN-1,,ChIJq4qx4luSll0RUeihxGubDJs,2021-05-15,24,104,63,53,13,0
MN,Mongolia,Ulaanbaatar,,,MN-1,,ChIJq4qx4luSll0RUeihxGubDJs,2021-05-16,28,114,77,53,13,-3
MN,Mongolia,Ulaanbaatar,,,MN-1,,ChIJq4qx4luSll0RUeihxGubDJs,2021-05-17,21,87,36,44,7,5
MN,Mongolia,Ulaanbaatar,,,MN-1,,ChIJq4qx4luSll0RUeihxGubDJs,2021-05-18,23,103,39,48,7,4
MN,Mongolia,Ulaanbaatar,,,MN-1,,ChIJq4qx4luSll0RUeihxGubDJs,2021-05-19,19,94,41,48,7,5
MN,Mongolia,Ulaanbaatar,,,MN-1,,ChIJq4qx4luSll0RUeihxGubDJs,2021-05-20,20,104,45,39,6,3
MN,Mongolia,Ulaanbaatar,,,MN-1,,ChIJq4qx4luSll0RUeihxGubDJs,2021-05-21,19,103,26,45,7,5
MN,Mongolia,Ulaanbaatar,,,MN-1,,ChIJq4qx4luSll0RUeihxGubDJs,2021-05-22,19,93,14,33,17,5
MN,Mongolia,Ulaanbaatar,,,MN-1,,ChIJq4qx4luSll0RUeihxGubDJs,2021-05-23,44,132,45,61,21,0
MN,Mongolia,Ulaanbaatar,,,MN-1,,ChIJq4qx4luSll0RUeihxGubDJs,2021-05-24,36,104,35,58,11,3
MN,Mongolia,Ulaanbaatar,,,MN-1,,ChIJq4qx4luSll0RUeihxGubDJs,2021-05-25,44,124,41,58,13,1
MN,Mongolia,Ulaanbaatar,,,MN-1,,ChIJq4qx4luSll0RUeihxGubDJs,2021-05-26,20,98,17,37,-38,12
MN,Mongolia,Ulaanbaatar,,,MN-1,,ChIJq4qx4luSll0RUeihxGubDJs,2021-05-27,36,120,56,59,13,2
MN,Mongolia,Ulaanbaatar,,,MN-1,,ChIJq4qx4luSll0RUeihxGubDJs,2021-05-28,36,118,66,59,13,1
MN,Mongolia,Ulaanbaatar,,,MN-1,,ChIJq4qx4luSll0RUeihxGubDJs,2021-05-29,41,116,88,59,36,-1
MN,Mongolia,Ulaanbaatar,,,MN-1,,ChIJq4qx4luSll0RUeihxGubDJs,2021-05-30,44,127,36,57,34,-2
MN,Mongolia,Ulaanbaatar,,,MN-1,,ChIJq4qx4luSll0RUeihxGubDJs,2021-05-31,65,148,86,77,18,-1
MN,Mongolia,Ulaanbaatar,,,MN-1,,ChIJq4qx4luSll0RUeihxGubDJs,2021-06-01,28,142,74,37,-60,9
MN,Mongolia,Ulaanbaatar,,,MN-1,,ChIJq4qx4luSll0RUeihxGubDJs,2021-06-02,40,113,70,61,17,2
MN,Mongolia,Ulaanbaatar,,,MN-1,,ChIJq4qx4luSll0RUeihxGubDJs,2021-06-03,47,126,102,67,14,0
MN,Mongolia,Ulaanbaatar,,,MN-1,,ChIJq4qx4luSll0RUeihxGubDJs,2021-06-04,44,127,87,65,14,0
MN,Mongolia,Ulaanbaatar,,,MN-1,,ChIJq4qx4luSll0RUeihxGubDJs,2021-06-05,44,134,137,73,34,-7
MN,Mongolia,Ulaanbaatar,,,MN-1,,ChIJq4qx4luSll0RUeihxGubDJs,2021-06-06,43,132,90,61,33,-7
MN,Mongolia,Ulaanbaatar,,,MN-1,,ChIJq4qx4luSll0RUeihxGubDJs,2021-06-07,38,109,41,62,17,2
MN,Mongolia,Ulaanbaatar,,,MN-1,,ChIJq4qx4luSll0RUeihxGubDJs,2021-06-08,44,126,46,64,15,3
MN,Mongolia,Ulaanbaatar,,,MN-1,,ChIJq4qx4luSll0RUeihxGubDJs,2021-06-09,19,115,73,47,-48,7
MN,Mongolia,Ulaanbaatar,,,MN-1,,ChIJq4qx4luSll0RUeihxGubDJs,2021-06-10,38,126,83,66,13,1
MN,Mongolia,Ulaanbaatar,,,MN-1,,ChIJq4qx4luSll0RUeihxGubDJs,2021-06-11,38,126,106,67,13,1
MN,Mongolia,Ulaanbaatar,,,MN-1,,ChIJq4qx4luSll0RUeihxGubDJs,2021-06-12,39,121,150,61,27,-5
MN,Mongolia,Ulaanbaatar,,,MN-1,,ChIJq4qx4luSll0RUeihxGubDJs,2021-06-13,40,122,148,56,27,-6
MN,Mongolia,Ulaanbaatar,,,MN-1,,ChIJq4qx4luSll0RUeihxGubDJs,2021-06-14,34,103,60,59,10,1
MN,Mongolia,Ulaanbaatar,,,MN-1,,ChIJq4qx4luSll0RUeihxGubDJs,2021-06-15,35,111,26,54,11,3
MN,Mongolia,Ulaanbaatar,,,MN-1,,ChIJq4qx4luSll0RUeihxGubDJs,2021-06-16,33,118,35,58,7,3
MN,Mongolia,Ulaanbaatar,,,MN-1,,ChIJq4qx4luSll0RUeihxGubDJs,2021-06-17,15,110,30,43,0,4
MN,Mongolia,Ulaanbaatar,,,MN-1,,ChIJq4qx4luSll0RUeihxGubDJs,2021-06-18,13,105,21,43,0,4
MN,Mongolia,Ulaanbaatar,,,MN-1,,ChIJq4qx4luSll0RUeihxGubDJs,2021-06-19,15,108,65,45,15,-3
MN,Mongolia,Ulaanbaatar,,,MN-1,,ChIJq4qx4luSll0RUeihxGubDJs,2021-06-20,14,107,74,43,15,-8
MN,Mongolia,Ulaanbaatar,,,MN-1,,ChIJq4qx4luSll0RUeihxGubDJs,2021-06-21,15,96,29,43,-2,1
MN,Mongolia,Ulaanbaatar,,,MN-1,,ChIJq4qx4luSll0RUeihxGubDJs,2021-06-22,16,101,18,42,-2,3
MN,Mongolia,Ulaanbaatar,,,MN-1,,ChIJq4qx4luSll0RUeihxGubDJs,2021-06-23,18,104,48,49,-1,2
MN,Mongolia,Ulaanbaatar,,,MN-1,,ChIJq4qx4luSll0RUeihxGubDJs,2021-06-24,13,106,25,39,-4,2
MN,Mongolia,Ulaanbaatar,,,MN-1,,ChIJq4qx4luSll0RUeihxGubDJs,2021-06-25,14,103,35,43,-4,3
MN,Mongolia,Ulaanbaatar,,,MN-1,,ChIJq4qx4luSll0RUeihxGubDJs,2021-06-26,14,106,66,44,16,-5
MN,Mongolia,Ulaanbaatar,,,MN-1,,ChIJq4qx4luSll0RUeihxGubDJs,2021-06-27,10,103,66,36,15,-9
MN,Mongolia,Ulaanbaatar,,,MN-1,,ChIJq4qx4luSll0RUeihxGubDJs,2021-06-28,18,91,35,44,0,1
MN,Mongolia,Ulaanbaatar,,,MN-1,,ChIJq4qx4luSll0RUeihxGubDJs,2021-06-29,19,96,11,35,1,4
MN,Mongolia,Ulaanbaatar,,,MN-1,,ChIJq4qx4luSll0RUeihxGubDJs,2021-06-30,19,96,15,41,1,4
MN,Mongolia,Ulaanbaatar,,,MN-1,,ChIJq4qx4luSll0RUeihxGubDJs,2021-07-01,21,107,47,44,0,5
MN,Mongolia,Ulaanbaatar,,,MN-1,,ChIJq4qx4luSll0RUeihxGubDJs,2021-07-02,22,109,23,49,1,5
MN,Mongolia,Ulaanbaatar,,,MN-1,,ChIJq4qx4luSll0RUeihxGubDJs,2021-07-03,27,113,54,48,30,-3
MN,Mongolia,Ulaanbaatar,,,MN-1,,ChIJq4qx4luSll0RUeihxGubDJs,2021-07-04,29,123,68,50,28,-7
MN,Mongolia,Ulaanbaatar,,,MN-1,,ChIJq4qx4luSll0RUeihxGubDJs,2021-07-05,33,107,49,54,6,-1
MN,Mongolia,Ulaanbaatar,,,MN-1,,ChIJq4qx4luSll0RUeihxGubDJs,2021-07-06,38,128,40,61,6,-2
MN,Mongolia,Ulaanbaatar,,,MN-1,,ChIJq4qx4luSll0RUeihxGubDJs,2021-07-07,31,111,54,50,2,-5
MN,Mongolia,Ulaanbaatar,,,MN-1,,ChIJq4qx4luSll0RUeihxGubDJs,2021-07-08,36,139,56,62,0,-5
MN,Mongolia,Ulaanbaatar,,,MN-1,,ChIJq4qx4luSll0RUeihxGubDJs,2021-07-09,44,156,39,76,-1,-5
MN,Mongolia,Ulaanbaatar,,,MN-1,,ChIJq4qx4luSll0RUeihxGubDJs,2021-07-10,46,159,40,70,2,-13
MN,Mongolia,Ulaanbaatar,,,MN-1,,ChIJq4qx4luSll0RUeihxGubDJs,2021-07-11,-26,85,63,7,-44,-16
MN,Mongolia,Ulaanbaatar,,,MN-1,,ChIJq4qx4luSll0RUeihxGubDJs,2021-07-12,-48,35,7,-25,-79,-2
MN,Mongolia,Ulaanbaatar,,,MN-1,,ChIJq4qx4luSll0RUeihxGubDJs,2021-07-13,-45,35,-4,-25,-77,1
MN,Mongolia,Ulaanbaatar,,,MN-1,,ChIJq4qx4luSll0RUeihxGubDJs,2021-07-14,-37,38,1,-16,-72,3
MN,Mongolia,Ulaanbaatar,,,MN-1,,ChIJq4qx4luSll0RUeihxGubDJs,2021-07-15,-32,49,2,-9,-67,2
MN,Mongolia,Ulaanbaatar,,,MN-1,,ChIJq4qx4luSll0RUeihxGubDJs,2021-07-16,-28,44,-19,-10,-60,6
MN,Mongolia,Ulaanbaatar,,,MN-1,,ChIJq4qx4luSll0RUeihxGubDJs,2021-07-17,-11,60,31,10,-14,-5
MN,Mongolia,Ulaanbaatar,,,MN-1,,ChIJq4qx4luSll0RUeihxGubDJs,2021-07-18,4,83,51,27,4,-9
MN,Mongolia,Ulaanbaatar,,,MN-1,,ChIJq4qx4luSll0RUeihxGubDJs,2021-07-19,23,93,22,43,-2,-1
MN,Mongolia,Ulaanbaatar,,,MN-1,,ChIJq4qx4luSll0RUeihxGubDJs,2021-07-20,32,109,31,51,2,-1
MN,Mongolia,Ulaanbaatar,,,MN-1,,ChIJq4qx4luSll0RUeihxGubDJs,2021-07-21,30,115,23,55,3,-1
MN,Mongolia,Ulaanbaatar,,,MN-1,,ChIJq4qx4luSll0RUeihxGubDJs,2021-07-22,31,118,32,52,1,-3
MN,Mongolia,Ulaanbaatar,,,MN-1,,ChIJq4qx4luSll0RUeihxGubDJs,2021-07-23,22,108,10,42,1,-1
MN,Mongolia,Ulaanbaatar,,,MN-1,,ChIJq4qx4luSll0RUeihxGubDJs,2021-07-24,34,105,65,53,73,-10
MN,Mongolia,Ulaanbaatar,,,MN-1,,ChIJq4qx4luSll0RUeihxGubDJs,2021-07-25,30,115,62,47,19,-10
MN,Mongolia,Ulaanbaatar,,,MN-1,,ChIJq4qx4luSll0RUeihxGubDJs,2021-07-26,31,103,44,51,5,-3
MN,Mongolia,Ulaanbaatar,,,MN-1,,ChIJq4qx4luSll0RUeihxGubDJs,2021-07-27,36,112,33,52,5,-2
MN,Mongolia,Ulaanbaatar,,,MN-1,,ChIJq4qx4luSll0RUeihxGubDJs,2021-07-28,33,115,42,55,5,-2
MN,Mongolia,Ulaanbaatar,,,MN-1,,ChIJq4qx4luSll0RUeihxGubDJs,2021-07-29,30,117,39,52,3,-2
MN,Mongolia,Ulaanbaatar,,,MN-1,,ChIJq4qx4luSll0RUeihxGubDJs,2021-07-30,25,111,5,48,3,-1
MN,Mongolia,Ulaanbaatar,,,MN-1,,ChIJq4qx4luSll0RUeihxGubDJs,2021-07-31,29,110,48,46,25,-7
MN,Mongolia,Ulaanbaatar,,,MN-1,,ChIJq4qx4luSll0RUeihxGubDJs,2021-08-01,34,126,77,55,20,-12
MN,Mongolia,Ulaanbaatar,,,MN-1,,ChIJq4qx4luSll0RUeihxGubDJs,2021-08-02,37,112,30,61,5,-2
MN,Mongolia,Ulaanbaatar,,,MN-1,,ChIJq4qx4luSll0RUeihxGubDJs,2021-08-03,44,122,38,63,7,-1
MN,Mongolia,Ulaanbaatar,,,MN-1,,ChIJq4qx4luSll0RUeihxGubDJs,2021-08-04,42,123,34,62,7,-1
MN,Mongolia,Ulaanbaatar,,,MN-1,,ChIJq4qx4luSll0RUeihxGubDJs,2021-08-05,42,129,49,62,6,-3
MN,Mongolia,Ulaanbaatar,,,MN-1,,ChIJq4qx4luSll0RUeihxGubDJs,2021-08-06,35,124,37,57,3,-3
MN,Mongolia,Ulaanbaatar,,,MN-1,,ChIJq4qx4luSll0RUeihxGubDJs,2021-08-07,34,113,60,51,21,-8
MN,Mongolia,Ulaanbaatar,,,MN-1,,ChIJq4qx4luSll0RUeihxGubDJs,2021-08-08,38,122,64,58,20,-10
MN,Mongolia,Ulaanbaatar,,,MN-1,,ChIJq4qx4luSll0RUeihxGubDJs,2021-08-09,43,115,44,63,8,-3
MN,Mongolia,Ulaanbaatar,,,MN-1,,ChIJq4qx4luSll0RUeihxGubDJs,2021-08-10,52,132,51,69,10,-3
MN,Mongolia,Ulaanbaatar,,,MN-1,,ChIJq4qx4luSll0RUeihxGubDJs,2021-08-11,47,128,58,68,8,-4
MN,Mongolia,Ulaanbaatar,,,MN-1,,ChIJq4qx4luSll0RUeihxGubDJs,2021-08-12,46,128,65,69,7,-3
MN,Mongolia,Ulaanbaatar,,,MN-1,,ChIJq4qx4luSll0RUeihxGubDJs,2021-08-13,40,122,30,62,5,-2
MN,Mongolia,Ulaanbaatar,,,MN-1,,ChIJq4qx4luSll0RUeihxGubDJs,2021-08-14,43,116,67,63,23,-7
MN,Mongolia,Ulaanbaatar,,,MN-1,,ChIJq4qx4luSll0RUeihxGubDJs,2021-08-15,49,130,90,65,24,-10
MN,Mongolia,Ulaanbaatar,,,MN-1,,ChIJq4qx4luSll0RUeihxGubDJs,2021-08-16,52,119,56,72,9,-4
MN,Mongolia,Ulaanbaatar,,,MN-1,,ChIJq4qx4luSll0RUeihxGubDJs,2021-08-17,55,126,46,77,10,-3
MN,Mongolia,Ulaanbaatar,,,MN-1,,ChIJq4qx4luSll0RUeihxGubDJs,2021-08-18,52,129,53,78,15,-2
MN,Mongolia,Ulaanbaatar,,,MN-1,,ChIJq4qx4luSll0RUeihxGubDJs,2021-08-19,57,133,58,85,11,-2
MN,Mongolia,Ulaanbaatar,,,MN-1,,ChIJq4qx4luSll0RUeihxGubDJs,2021-08-20,52,131,47,68,10,-2
MN,Mongolia,Ulaanbaatar,,,MN-1,,ChIJq4qx4luSll0RUeihxGubDJs,2021-08-21,54,126,49,73,25,-5
MN,Mongolia,Ulaanbaatar,,,MN-1,,ChIJq4qx4luSll0RUeihxGubDJs,2021-08-22,66,144,72,83,29,-7
MN,Mongolia,Ulaanbaatar,,,MN-1,,ChIJq4qx4luSll0RUeihxGubDJs,2021-08-23,57,118,41,73,16,0
MN,Mongolia,Ulaanbaatar,,,MN-1,,ChIJq4qx4luSll0RUeihxGubDJs,2021-08-24,62,135,41,73,18,0
MN,Mongolia,Ulaanbaatar,,,MN-1,,ChIJq4qx4luSll0RUeihxGubDJs,2021-08-25,62,138,46,78,17,0
MN,Mongolia,Ulaanbaatar,,,MN-1,,ChIJq4qx4luSll0RUeihxGubDJs,2021-08-26,64,147,58,82,13,-1
MN,Mongolia,Ulaanbaatar,,,MN-1,,ChIJq4qx4luSll0RUeihxGubDJs,2021-08-27,58,139,56,75,14,0
MN,Mongolia,Ulaanbaatar,,,MN-1,,ChIJq4qx4luSll0RUeihxGubDJs,2021-08-28,65,140,129,77,27,-3
MN,Mongolia,Ulaanbaatar,,,MN-1,,ChIJq4qx4luSll0RUeihxGubDJs,2021-08-29,85,167,175,92,32,-8
MN,Mongolia,Ulaanbaatar,,,MN-1,,ChIJq4qx4luSll0RUeihxGubDJs,2021-08-30,80,157,97,98,19,-2
MN,Mongolia,Ulaanbaatar,,,MN-1,,ChIJq4qx4luSll0RUeihxGubDJs,2021-08-31,87,181,79,103,22,-2
MN,Mongolia,Ulaanbaatar,,,MN-1,,ChIJq4qx4luSll0RUeihxGubDJs,2021-09-01,68,155,70,96,17,0
MN,Mongolia,Ulaanbaatar,,,MN-1,,ChIJq4qx4luSll0RUeihxGubDJs,2021-09-02,67,162,83,92,19,-1
MN,Mongolia,Ulaanbaatar,,,MN-1,,ChIJq4qx4luSll0RUeihxGubDJs,2021-09-03,61,143,57,85,18,0
MN,Mongolia,Ulaanbaatar,,,MN-1,,ChIJq4qx4luSll0RUeihxGubDJs,2021-09-04,69,136,45,78,26,1
MN,Mongolia,Ulaanbaatar,,,MN-1,,ChIJq4qx4luSll0RUeihxGubDJs,2021-09-05,80,172,78,95,32,-3
MN,Mongolia,Ulaanbaatar,,,MN-1,,ChIJq4qx4luSll0RUeihxGubDJs,2021-09-06,71,148,76,96,20,1
MN,Mongolia,Ulaanbaatar,,,MN-1,,ChIJq4qx4luSll0RUeihxGubDJs,2021-09-07,70,154,65,91,23,1
MN,Mongolia,Ulaanbaatar,,,MN-1,,ChIJq4qx4luSll0RUeihxGubDJs,2021-09-08,59,142,62,81,24,4
MN,Mongolia,Ulaanbaatar,,,MN-1,,ChIJq4qx4luSll0RUeihxGubDJs,2021-09-09,63,146,68,81,19,2
MN,Mongolia,Ulaanbaatar,,,MN-1,,ChIJq4qx4luSll0RUeihxGubDJs,2021-09-10,64,141,82,85,18,2
MN,Mongolia,Ulaanbaatar,,,MN-1,,ChIJq4qx4luSll0RUeihxGubDJs,2021-09-11,67,143,87,82,27,-1
MN,Mongolia,Ulaanbaatar,,,MN-1,,ChIJq4qx4luSll0RUeihxGubDJs,2021-09-12,85,173,123,95,32,-4
