country_region_code,country_region,sub_region_1,sub_region_2,metro_area,iso_3166_2_code,census_fips_code,place_id,date,retail_and_recreation_percent_change_from_baseline,grocery_and_pharmacy_percent_change_from_baseline,parks_percent_change_from_baseline,transit_stations_percent_change_from_baseline,workplaces_percent_change_from_baseline,residential_percent_change_from_baseline
LK,Sri Lanka,,,,,,ChIJnR5a9jxZ4joRjNPiALSkPeE,2021-01-01,-37,-15,-14,-29,-24,21
LK,Sri Lanka,,,,,,ChIJnR5a9jxZ4joRjNPiALSkPeE,2021-01-02,-32,-13,-18,-25,-17,16
LK,Sri Lanka,,,,,,ChIJnR5a9jxZ4joRjNPiALSkPeE,2021-01-03,-35,-18,-17,-23,-16,15
LK,Sri Lanka,,,,,,ChIJnR5a9jxZ4joRjNPiALSkPeE,2021-01-04,-34,-17,-19,-25,-24,18
LK,Sri Lanka,,,,,,ChIJnR5a9jxZ4joRjNPiALSkPeE,2021-01-05,-31,-12,-18,-20,-25,17
LK,Sri Lanka,,,,,,ChIJnR5a9jxZ4joRjNPiALSkPeE,2021-01-06,-28,-8,-17,-20,-24,17
LK,Sri Lanka,,,,,,ChIJnR5a9jxZ4joRjNPiALSkPeE,2021-01-07,-26,-7,-16,-20,-23,17
LK,Sri Lanka,,,,,,ChIJnR5a9jxZ4joRjNPiALSkPeE,2021-01-08,-25,-2,-17,-19,-23,17
LK,Sri Lanka,,,,,,ChIJnR5a9jxZ4joRjNPiALSkPeE,2021-01-09,-28,-8,-24,-23,-15,13
LK,Sri Lanka,,,,,,ChIJnR5a9jxZ4joRjNPiALSkPeE,2021-01-10,-29,-9,-23,-19,-14,12
LK,Sri Lanka,,,,,,ChIJnR5a9jxZ4joRjNPiALSkPeE,2021-01-11,-27,-7,-21,-22,-23,15
LK,Sri Lanka,,,,,,ChIJnR5a9jxZ4joRjNPiALSkPeE,2021-01-12,-27,-7,-23,-20,-24,14
LK,Sri Lanka,,,,,,ChIJnR5a9jxZ4joRjNPiALSkPeE,2021-01-13,-26,-7,-24,-21,-27,12
LK,Sri Lanka,,,,,,ChIJnR5a9jxZ4joRjNPiALSkPeE,2021-01-14,-36,-22,-28,-40,-65,22
LK,Sri Lanka,,,,,,ChIJnR5a9jxZ4joRjNPiALSkPeE,2021-01-15,-33,-16,-31,-33,-36,14
LK,Sri Lanka,,,,,,ChIJnR5a9jxZ4joRjNPiALSkPeE,2021-01-16,-36,-23,-35,-37,-30,12
LK,Sri Lanka,,,,,,ChIJnR5a9jxZ4joRjNPiALSkPeE,2021-01-17,-36,-22,-33,-34,-29,11
LK,Sri Lanka,,,,,,ChIJnR5a9jxZ4joRjNPiALSkPeE,2021-01-18,-34,-19,-33,-33,-34,14
LK,Sri Lanka,,,,,,ChIJnR5a9jxZ4joRjNPiALSkPeE,2021-01-19,-33,-15,-32,-31,-33,14
LK,Sri Lanka,,,,,,ChIJnR5a9jxZ4joRjNPiALSkPeE,2021-01-20,-31,-16,-30,-30,-33,14
LK,Sri Lanka,,,,,,ChIJnR5a9jxZ4joRjNPiALSkPeE,2021-01-21,-31,-15,-29,-30,-33,14
LK,Sri Lanka,,,,,,ChIJnR5a9jxZ4joRjNPiALSkPeE,2021-01-22,-29,-11,-28,-30,-31,15
LK,Sri Lanka,,,,,,ChIJnR5a9jxZ4joRjNPiALSkPeE,2021-01-23,-30,-14,-28,-31,-24,12
LK,Sri Lanka,,,,,,ChIJnR5a9jxZ4joRjNPiALSkPeE,2021-01-24,-31,-14,-26,-29,-24,11
LK,Sri Lanka,,,,,,ChIJnR5a9jxZ4joRjNPiALSkPeE,2021-01-25,-29,-10,-24,-27,-31,13
LK,Sri Lanka,,,,,,ChIJnR5a9jxZ4joRjNPiALSkPeE,2021-01-26,-28,-9,-27,-26,-30,13
LK,Sri Lanka,,,,,,ChIJnR5a9jxZ4joRjNPiALSkPeE,2021-01-27,-25,-4,-22,-22,-30,11
LK,Sri Lanka,,,,,,ChIJnR5a9jxZ4joRjNPiALSkPeE,2021-01-28,-42,-23,-17,-43,-69,25
LK,Sri Lanka,,,,,,ChIJnR5a9jxZ4joRjNPiALSkPeE,2021-01-29,-27,-3,-25,-24,-30,13
LK,Sri Lanka,,,,,,ChIJnR5a9jxZ4joRjNPiALSkPeE,2021-01-30,-30,-13,-27,-28,-22,10
LK,Sri Lanka,,,,,,ChIJnR5a9jxZ4joRjNPiALSkPeE,2021-01-31,-31,-11,-26,-26,-21,9
LK,Sri Lanka,,,,,,ChIJnR5a9jxZ4joRjNPiALSkPeE,2021-02-01,-30,-9,-28,-26,-28,11
LK,Sri Lanka,,,,,,ChIJnR5a9jxZ4joRjNPiALSkPeE,2021-02-02,-29,-8,-28,-24,-28,11
LK,Sri Lanka,,,,,,ChIJnR5a9jxZ4joRjNPiALSkPeE,2021-02-03,-26,-5,-23,-23,-29,10
LK,Sri Lanka,,,,,,ChIJnR5a9jxZ4joRjNPiALSkPeE,2021-02-04,-42,-23,-11,-44,-71,25
LK,Sri Lanka,,,,,,ChIJnR5a9jxZ4joRjNPiALSkPeE,2021-02-05,-28,-5,-20,-27,-30,14
LK,Sri Lanka,,,,,,ChIJnR5a9jxZ4joRjNPiALSkPeE,2021-02-06,-30,-13,-22,-29,-24,11
LK,Sri Lanka,,,,,,ChIJnR5a9jxZ4joRjNPiALSkPeE,2021-02-07,-32,-14,-18,-28,-24,10
LK,Sri Lanka,,,,,,ChIJnR5a9jxZ4joRjNPiALSkPeE,2021-02-08,-29,-11,-23,-27,-28,13
LK,Sri Lanka,,,,,,ChIJnR5a9jxZ4joRjNPiALSkPeE,2021-02-09,-28,-8,-24,-25,-28,12
LK,Sri Lanka,,,,,,ChIJnR5a9jxZ4joRjNPiALSkPeE,2021-02-10,-26,-4,-21,-23,-27,12
LK,Sri Lanka,,,,,,ChIJnR5a9jxZ4joRjNPiALSkPeE,2021-02-11,-25,-6,-24,-25,-26,13
LK,Sri Lanka,,,,,,ChIJnR5a9jxZ4joRjNPiALSkPeE,2021-02-12,-24,-1,-25,-25,-26,12
LK,Sri Lanka,,,,,,ChIJnR5a9jxZ4joRjNPiALSkPeE,2021-02-13,-23,-3,-22,-26,-22,8
LK,Sri Lanka,,,,,,ChIJnR5a9jxZ4joRjNPiALSkPeE,2021-02-14,-22,-5,-18,-25,-23,8
LK,Sri Lanka,,,,,,ChIJnR5a9jxZ4joRjNPiALSkPeE,2021-02-15,-26,-5,-27,-27,-26,11
LK,Sri Lanka,,,,,,ChIJnR5a9jxZ4joRjNPiALSkPeE,2021-02-16,-26,-4,-28,-25,-26,11
LK,Sri Lanka,,,,,,ChIJnR5a9jxZ4joRjNPiALSkPeE,2021-02-17,-26,-5,-27,-25,-25,11
LK,Sri Lanka,,,,,,ChIJnR5a9jxZ4joRjNPiALSkPeE,2021-02-18,-25,-6,-27,-25,-25,12
LK,Sri Lanka,,,,,,ChIJnR5a9jxZ4joRjNPiALSkPeE,2021-02-19,-24,1,-26,-23,-25,12
LK,Sri Lanka,,,,,,ChIJnR5a9jxZ4joRjNPiALSkPeE,2021-02-20,-23,-3,-21,-25,-19,8
LK,Sri Lanka,,,,,,ChIJnR5a9jxZ4joRjNPiALSkPeE,2021-02-21,-27,-7,-21,-25,-22,8
LK,Sri Lanka,,,,,,ChIJnR5a9jxZ4joRjNPiALSkPeE,2021-02-22,-26,-7,-27,-25,-24,11
LK,Sri Lanka,,,,,,ChIJnR5a9jxZ4joRjNPiALSkPeE,2021-02-23,-23,-1,-26,-22,-24,10
LK,Sri Lanka,,,,,,ChIJnR5a9jxZ4joRjNPiALSkPeE,2021-02-24,-22,-1,-23,-21,-24,10
LK,Sri Lanka,,,,,,ChIJnR5a9jxZ4joRjNPiALSkPeE,2021-02-25,-15,11,-20,-15,-24,7
LK,Sri Lanka,,,,,,ChIJnR5a9jxZ4joRjNPiALSkPeE,2021-02-26,-33,-7,-3,-36,-68,20
LK,Sri Lanka,,,,,,ChIJnR5a9jxZ4joRjNPiALSkPeE,2021-02-27,-19,4,-10,-20,-21,6
LK,Sri Lanka,,,,,,ChIJnR5a9jxZ4joRjNPiALSkPeE,2021-02-28,-20,1,-13,-18,-17,5
LK,Sri Lanka,,,,,,ChIJnR5a9jxZ4joRjNPiALSkPeE,2021-03-01,-21,2,-23,-20,-24,9
LK,Sri Lanka,,,,,,ChIJnR5a9jxZ4joRjNPiALSkPeE,2021-03-02,-20,3,-24,-18,-25,10
LK,Sri Lanka,,,,,,ChIJnR5a9jxZ4joRjNPiALSkPeE,2021-03-03,-19,1,-22,-19,-25,10
LK,Sri Lanka,,,,,,ChIJnR5a9jxZ4joRjNPiALSkPeE,2021-03-04,-19,0,-23,-20,-25,11
LK,Sri Lanka,,,,,,ChIJnR5a9jxZ4joRjNPiALSkPeE,2021-03-05,-17,5,-21,-19,-24,11
LK,Sri Lanka,,,,,,ChIJnR5a9jxZ4joRjNPiALSkPeE,2021-03-06,-20,-3,-22,-23,-19,8
LK,Sri Lanka,,,,,,ChIJnR5a9jxZ4joRjNPiALSkPeE,2021-03-07,-19,1,-15,-20,-20,6
LK,Sri Lanka,,,,,,ChIJnR5a9jxZ4joRjNPiALSkPeE,2021-03-08,-23,-5,-26,-22,-24,10
LK,Sri Lanka,,,,,,ChIJnR5a9jxZ4joRjNPiALSkPeE,2021-03-09,-17,6,-23,-16,-24,8
LK,Sri Lanka,,,,,,ChIJnR5a9jxZ4joRjNPiALSkPeE,2021-03-10,-17,3,-23,-14,-25,8
LK,Sri Lanka,,,,,,ChIJnR5a9jxZ4joRjNPiALSkPeE,2021-03-11,-18,2,-17,-21,-39,13
LK,Sri Lanka,,,,,,ChIJnR5a9jxZ4joRjNPiALSkPeE,2021-03-12,-14,13,-14,-13,-24,9
LK,Sri Lanka,,,,,,ChIJnR5a9jxZ4joRjNPiALSkPeE,2021-03-13,-15,4,-10,-15,-19,5
LK,Sri Lanka,,,,,,ChIJnR5a9jxZ4joRjNPiALSkPeE,2021-03-14,-15,4,-12,-13,-19,4
LK,Sri Lanka,,,,,,ChIJnR5a9jxZ4joRjNPiALSkPeE,2021-03-15,-17,6,-17,-14,-20,7
LK,Sri Lanka,,,,,,ChIJnR5a9jxZ4joRjNPiALSkPeE,2021-03-16,-18,5,-21,-13,-20,8
LK,Sri Lanka,,,,,,ChIJnR5a9jxZ4joRjNPiALSkPeE,2021-03-17,-17,5,-19,-13,-19,8
LK,Sri Lanka,,,,,,ChIJnR5a9jxZ4joRjNPiALSkPeE,2021-03-18,-16,4,-20,-16,-18,8
LK,Sri Lanka,,,,,,ChIJnR5a9jxZ4joRjNPiALSkPeE,2021-03-19,-14,12,-17,-12,-18,8
LK,Sri Lanka,,,,,,ChIJnR5a9jxZ4joRjNPiALSkPeE,2021-03-20,-12,8,-10,-12,-16,5
LK,Sri Lanka,,,,,,ChIJnR5a9jxZ4joRjNPiALSkPeE,2021-03-21,-16,3,-14,-14,-17,5
LK,Sri Lanka,,,,,,ChIJnR5a9jxZ4joRjNPiALSkPeE,2021-03-22,-16,5,-19,-13,-18,8
LK,Sri Lanka,,,,,,ChIJnR5a9jxZ4joRjNPiALSkPeE,2021-03-23,-15,8,-21,-11,-18,7
LK,Sri Lanka,,,,,,ChIJnR5a9jxZ4joRjNPiALSkPeE,2021-03-24,-14,7,-19,-11,-19,8
LK,Sri Lanka,,,,,,ChIJnR5a9jxZ4joRjNPiALSkPeE,2021-03-25,-10,12,-19,-10,-18,8
LK,Sri Lanka,,,,,,ChIJnR5a9jxZ4joRjNPiALSkPeE,2021-03-26,-9,15,-17,-9,-17,7
LK,Sri Lanka,,,,,,ChIJnR5a9jxZ4joRjNPiALSkPeE,2021-03-27,-7,12,-11,-10,-15,4
LK,Sri Lanka,,,,,,ChIJnR5a9jxZ4joRjNPiALSkPeE,2021-03-28,-18,-1,-13,-19,-26,6
LK,Sri Lanka,,,,,,ChIJnR5a9jxZ4joRjNPiALSkPeE,2021-03-29,-11,14,-17,-9,-16,6
LK,Sri Lanka,,,,,,ChIJnR5a9jxZ4joRjNPiALSkPeE,2021-03-30,-10,15,-19,-8,-16,6
LK,Sri Lanka,,,,,,ChIJnR5a9jxZ4joRjNPiALSkPeE,2021-03-31,-8,14,-16,-7,-16,5
LK,Sri Lanka,,,,,,ChIJnR5a9jxZ4joRjNPiALSkPeE,2021-04-01,-7,12,-17,-7,-14,6
LK,Sri Lanka,,,,,,ChIJnR5a9jxZ4joRjNPiALSkPeE,2021-04-02,-6,17,-12,-14,-36,13
LK,Sri Lanka,,,,,,ChIJnR5a9jxZ4joRjNPiALSkPeE,2021-04-03,-4,14,-9,-9,-13,4
LK,Sri Lanka,,,,,,ChIJnR5a9jxZ4joRjNPiALSkPeE,2021-04-04,-3,14,-9,-6,-12,3
LK,Sri Lanka,,,,,,ChIJnR5a9jxZ4joRjNPiALSkPeE,2021-04-05,-7,13,-16,-8,-14,6
LK,Sri Lanka,,,,,,ChIJnR5a9jxZ4joRjNPiALSkPeE,2021-04-06,-6,16,-19,-5,-14,5
LK,Sri Lanka,,,,,,ChIJnR5a9jxZ4joRjNPiALSkPeE,2021-04-07,-4,16,-16,-4,-15,5
LK,Sri Lanka,,,,,,ChIJnR5a9jxZ4joRjNPiALSkPeE,2021-04-08,0,20,-16,-3,-13,5
LK,Sri Lanka,,,,,,ChIJnR5a9jxZ4joRjNPiALSkPeE,2021-04-09,6,32,-12,4,-12,4
LK,Sri Lanka,,,,,,ChIJnR5a9jxZ4joRjNPiALSkPeE,2021-04-10,8,31,-7,8,-13,1
LK,Sri Lanka,,,,,,ChIJnR5a9jxZ4joRjNPiALSkPeE,2021-04-11,12,36,-2,12,-13,1
LK,Sri Lanka,,,,,,ChIJnR5a9jxZ4joRjNPiALSkPeE,2021-04-12,9,51,-1,4,-51,10
LK,Sri Lanka,,,,,,ChIJnR5a9jxZ4joRjNPiALSkPeE,2021-04-13,-25,27,-9,-20,-75,20
LK,Sri Lanka,,,,,,ChIJnR5a9jxZ4joRjNPiALSkPeE,2021-04-14,-55,-33,-6,-50,-83,20
LK,Sri Lanka,,,,,,ChIJnR5a9jxZ4joRjNPiALSkPeE,2021-04-15,-34,0,12,-26,-65,12
LK,Sri Lanka,,,,,,ChIJnR5a9jxZ4joRjNPiALSkPeE,2021-04-16,-25,11,18,-18,-58,12
LK,Sri Lanka,,,,,,ChIJnR5a9jxZ4joRjNPiALSkPeE,2021-04-17,-22,4,10,-15,-46,5
LK,Sri Lanka,,,,,,ChIJnR5a9jxZ4joRjNPiALSkPeE,2021-04-18,-15,10,-3,-6,-29,3
LK,Sri Lanka,,,,,,ChIJnR5a9jxZ4joRjNPiALSkPeE,2021-04-19,-11,13,-14,-7,-15,7
LK,Sri Lanka,,,,,,ChIJnR5a9jxZ4joRjNPiALSkPeE,2021-04-20,-11,15,-18,-5,-15,7
LK,Sri Lanka,,,,,,ChIJnR5a9jxZ4joRjNPiALSkPeE,2021-04-21,-10,15,-16,-5,-15,7
LK,Sri Lanka,,,,,,ChIJnR5a9jxZ4joRjNPiALSkPeE,2021-04-22,-11,12,-18,-9,-14,8
LK,Sri Lanka,,,,,,ChIJnR5a9jxZ4joRjNPiALSkPeE,2021-04-23,-12,20,-19,-9,-15,9
LK,Sri Lanka,,,,,,ChIJnR5a9jxZ4joRjNPiALSkPeE,2021-04-24,-16,11,-16,-16,-14,8
LK,Sri Lanka,,,,,,ChIJnR5a9jxZ4joRjNPiALSkPeE,2021-04-25,-18,10,-13,-18,-17,8
LK,Sri Lanka,,,,,,ChIJnR5a9jxZ4joRjNPiALSkPeE,2021-04-26,-38,-13,-19,-42,-70,25
LK,Sri Lanka,,,,,,ChIJnR5a9jxZ4joRjNPiALSkPeE,2021-04-27,-18,14,-25,-16,-19,11
LK,Sri Lanka,,,,,,ChIJnR5a9jxZ4joRjNPiALSkPeE,2021-04-28,-20,11,-24,-21,-25,14
LK,Sri Lanka,,,,,,ChIJnR5a9jxZ4joRjNPiALSkPeE,2021-04-29,-20,15,-27,-23,-26,15
LK,Sri Lanka,,,,,,ChIJnR5a9jxZ4joRjNPiALSkPeE,2021-04-30,-21,21,-28,-23,-28,17
LK,Sri Lanka,,,,,,ChIJnR5a9jxZ4joRjNPiALSkPeE,2021-05-01,-42,-12,-34,-42,-47,20
LK,Sri Lanka,,,,,,ChIJnR5a9jxZ4joRjNPiALSkPeE,2021-05-02,-37,-9,-35,-37,-25,17
LK,Sri Lanka,,,,,,ChIJnR5a9jxZ4joRjNPiALSkPeE,2021-05-03,-29,-4,-32,-33,-31,20
LK,Sri Lanka,,,,,,ChIJnR5a9jxZ4joRjNPiALSkPeE,2021-05-04,-29,-1,-33,-32,-33,19
LK,Sri Lanka,,,,,,ChIJnR5a9jxZ4joRjNPiALSkPeE,2021-05-05,-28,-1,-29,-31,-33,20
LK,Sri Lanka,,,,,,ChIJnR5a9jxZ4joRjNPiALSkPeE,2021-05-06,-32,-8,-34,-35,-34,22
LK,Sri Lanka,,,,,,ChIJnR5a9jxZ4joRjNPiALSkPeE,2021-05-07,-33,-1,-33,-35,-33,24
LK,Sri Lanka,,,,,,ChIJnR5a9jxZ4joRjNPiALSkPeE,2021-05-08,-35,-7,-35,-38,-24,19
LK,Sri Lanka,,,,,,ChIJnR5a9jxZ4joRjNPiALSkPeE,2021-05-09,-41,-15,-37,-41,-27,19
LK,Sri Lanka,,,,,,ChIJnR5a9jxZ4joRjNPiALSkPeE,2021-05-10,-30,5,-30,-33,-34,21
LK,Sri Lanka,,,,,,ChIJnR5a9jxZ4joRjNPiALSkPeE,2021-05-11,-30,5,-31,-30,-37,22
LK,Sri Lanka,,,,,,ChIJnR5a9jxZ4joRjNPiALSkPeE,2021-05-12,-32,9,-33,-35,-40,23
LK,Sri Lanka,,,,,,ChIJnR5a9jxZ4joRjNPiALSkPeE,2021-05-13,-31,30,-34,-33,-42,23
LK,Sri Lanka,,,,,,ChIJnR5a9jxZ4joRjNPiALSkPeE,2021-05-14,-85,-83,-62,-81,-78,47
LK,Sri Lanka,,,,,,ChIJnR5a9jxZ4joRjNPiALSkPeE,2021-05-15,-86,-83,-64,-82,-67,39
LK,Sri Lanka,,,,,,ChIJnR5a9jxZ4joRjNPiALSkPeE,2021-05-16,-85,-83,-63,-81,-59,35
LK,Sri Lanka,,,,,,ChIJnR5a9jxZ4joRjNPiALSkPeE,2021-05-17,-34,9,-30,-37,-38,24
LK,Sri Lanka,,,,,,ChIJnR5a9jxZ4joRjNPiALSkPeE,2021-05-18,-32,8,-33,-36,-38,23
LK,Sri Lanka,,,,,,ChIJnR5a9jxZ4joRjNPiALSkPeE,2021-05-19,-33,3,-31,-36,-38,23
LK,Sri Lanka,,,,,,ChIJnR5a9jxZ4joRjNPiALSkPeE,2021-05-20,-29,18,-29,-35,-37,23
LK,Sri Lanka,,,,,,ChIJnR5a9jxZ4joRjNPiALSkPeE,2021-05-21,-18,60,-21,-18,-36,21
LK,Sri Lanka,,,,,,ChIJnR5a9jxZ4joRjNPiALSkPeE,2021-05-22,-85,-83,-60,-79,-61,38
LK,Sri Lanka,,,,,,ChIJnR5a9jxZ4joRjNPiALSkPeE,2021-05-23,-85,-83,-60,-79,-56,35
LK,Sri Lanka,,,,,,ChIJnR5a9jxZ4joRjNPiALSkPeE,2021-05-24,-81,-76,-56,-79,-71,44
LK,Sri Lanka,,,,,,ChIJnR5a9jxZ4joRjNPiALSkPeE,2021-05-25,-49,30,-34,-44,-60,30
LK,Sri Lanka,,,,,,ChIJnR5a9jxZ4joRjNPiALSkPeE,2021-05-26,-85,-85,-57,-81,-85,48
LK,Sri Lanka,,,,,,ChIJnR5a9jxZ4joRjNPiALSkPeE,2021-05-27,-83,-80,-55,-80,-83,48
LK,Sri Lanka,,,,,,ChIJnR5a9jxZ4joRjNPiALSkPeE,2021-05-28,-77,-68,-50,-74,-66,44
LK,Sri Lanka,,,,,,ChIJnR5a9jxZ4joRjNPiALSkPeE,2021-05-29,-78,-69,-53,-73,-56,36
LK,Sri Lanka,,,,,,ChIJnR5a9jxZ4joRjNPiALSkPeE,2021-05-30,-76,-69,-51,-72,-48,32
LK,Sri Lanka,,,,,,ChIJnR5a9jxZ4joRjNPiALSkPeE,2021-05-31,-69,-53,-42,-68,-59,38
LK,Sri Lanka,,,,,,ChIJnR5a9jxZ4joRjNPiALSkPeE,2021-06-01,-70,-57,-44,-68,-62,38
LK,Sri Lanka,,,,,,ChIJnR5a9jxZ4joRjNPiALSkPeE,2021-06-02,-70,-56,-43,-68,-62,38
LK,Sri Lanka,,,,,,ChIJnR5a9jxZ4joRjNPiALSkPeE,2021-06-03,-71,-58,-46,-69,-62,40
LK,Sri Lanka,,,,,,ChIJnR5a9jxZ4joRjNPiALSkPeE,2021-06-04,-68,-49,-43,-66,-60,40
LK,Sri Lanka,,,,,,ChIJnR5a9jxZ4joRjNPiALSkPeE,2021-06-05,-73,-58,-48,-68,-52,34
LK,Sri Lanka,,,,,,ChIJnR5a9jxZ4joRjNPiALSkPeE,2021-06-06,-72,-62,-47,-68,-46,31
LK,Sri Lanka,,,,,,ChIJnR5a9jxZ4joRjNPiALSkPeE,2021-06-07,-65,-48,-38,-64,-56,36
LK,Sri Lanka,,,,,,ChIJnR5a9jxZ4joRjNPiALSkPeE,2021-06-08,-66,-49,-42,-65,-57,36
LK,Sri Lanka,,,,,,ChIJnR5a9jxZ4joRjNPiALSkPeE,2021-06-09,-65,-47,-39,-64,-56,35
LK,Sri Lanka,,,,,,ChIJnR5a9jxZ4joRjNPiALSkPeE,2021-06-10,-62,-44,-38,-62,-54,35
LK,Sri Lanka,,,,,,ChIJnR5a9jxZ4joRjNPiALSkPeE,2021-06-11,-63,-44,-39,-62,-53,37
LK,Sri Lanka,,,,,,ChIJnR5a9jxZ4joRjNPiALSkPeE,2021-06-12,-67,-50,-44,-64,-46,31
LK,Sri Lanka,,,,,,ChIJnR5a9jxZ4joRjNPiALSkPeE,2021-06-13,-68,-56,-44,-65,-43,29
LK,Sri Lanka,,,,,,ChIJnR5a9jxZ4joRjNPiALSkPeE,2021-06-14,-60,-43,-35,-62,-52,33
LK,Sri Lanka,,,,,,ChIJnR5a9jxZ4joRjNPiALSkPeE,2021-06-15,-60,-42,-38,-61,-53,32
LK,Sri Lanka,,,,,,ChIJnR5a9jxZ4joRjNPiALSkPeE,2021-06-16,-60,-43,-36,-61,-53,32
LK,Sri Lanka,,,,,,ChIJnR5a9jxZ4joRjNPiALSkPeE,2021-06-17,-59,-42,-37,-61,-53,33
LK,Sri Lanka,,,,,,ChIJnR5a9jxZ4joRjNPiALSkPeE,2021-06-18,-59,-39,-37,-61,-51,34
LK,Sri Lanka,,,,,,ChIJnR5a9jxZ4joRjNPiALSkPeE,2021-06-19,-66,-53,-43,-64,-44,29
LK,Sri Lanka,,,,,,ChIJnR5a9jxZ4joRjNPiALSkPeE,2021-06-20,-67,-58,-44,-65,-40,27
LK,Sri Lanka,,,,,,ChIJnR5a9jxZ4joRjNPiALSkPeE,2021-06-21,-21,18,-18,-32,-40,19
LK,Sri Lanka,,,,,,ChIJnR5a9jxZ4joRjNPiALSkPeE,2021-06-22,-25,11,-24,-32,-41,19
LK,Sri Lanka,,,,,,ChIJnR5a9jxZ4joRjNPiALSkPeE,2021-06-23,-22,19,-18,-29,-41,18
LK,Sri Lanka,,,,,,ChIJnR5a9jxZ4joRjNPiALSkPeE,2021-06-24,-77,-76,-46,-75,-81,44
LK,Sri Lanka,,,,,,ChIJnR5a9jxZ4joRjNPiALSkPeE,2021-06-25,-31,6,-24,-38,-38,24
LK,Sri Lanka,,,,,,ChIJnR5a9jxZ4joRjNPiALSkPeE,2021-06-26,-36,-9,-29,-40,-26,20
LK,Sri Lanka,,,,,,ChIJnR5a9jxZ4joRjNPiALSkPeE,2021-06-27,-38,-14,-27,-41,-26,19
LK,Sri Lanka,,,,,,ChIJnR5a9jxZ4joRjNPiALSkPeE,2021-06-28,-27,-3,-19,-36,-36,21
LK,Sri Lanka,,,,,,ChIJnR5a9jxZ4joRjNPiALSkPeE,2021-06-29,-30,-4,-24,-36,-37,20
LK,Sri Lanka,,,,,,ChIJnR5a9jxZ4joRjNPiALSkPeE,2021-06-30,-29,-4,-21,-35,-37,20
LK,Sri Lanka,,,,,,ChIJnR5a9jxZ4joRjNPiALSkPeE,2021-07-01,-30,-7,-25,-37,-36,22
LK,Sri Lanka,,,,,,ChIJnR5a9jxZ4joRjNPiALSkPeE,2021-07-02,-27,6,-21,-34,-34,23
LK,Sri Lanka,,,,,,ChIJnR5a9jxZ4joRjNPiALSkPeE,2021-07-03,-29,-1,-23,-34,-23,18
LK,Sri Lanka,,,,,,ChIJnR5a9jxZ4joRjNPiALSkPeE,2021-07-04,-38,-15,-27,-40,-27,18
LK,Sri Lanka,,,,,,ChIJnR5a9jxZ4joRjNPiALSkPeE,2021-07-05,-21,3,-16,-31,-33,19
LK,Sri Lanka,,,,,,ChIJnR5a9jxZ4joRjNPiALSkPeE,2021-07-06,-21,4,-18,-30,-34,19
LK,Sri Lanka,,,,,,ChIJnR5a9jxZ4joRjNPiALSkPeE,2021-07-07,-20,3,-14,-29,-34,19
LK,Sri Lanka,,,,,,ChIJnR5a9jxZ4joRjNPiALSkPeE,2021-07-08,-20,2,-15,-30,-33,20
LK,Sri Lanka,,,,,,ChIJnR5a9jxZ4joRjNPiALSkPeE,2021-07-09,-22,6,-19,-30,-32,22
LK,Sri Lanka,,,,,,ChIJnR5a9jxZ4joRjNPiALSkPeE,2021-07-10,-22,4,-20,-29,-22,15
LK,Sri Lanka,,,,,,ChIJnR5a9jxZ4joRjNPiALSkPeE,2021-07-11,-23,0,-15,-30,-24,14
LK,Sri Lanka,,,,,,ChIJnR5a9jxZ4joRjNPiALSkPeE,2021-07-12,-17,8,-11,-26,-32,17
LK,Sri Lanka,,,,,,ChIJnR5a9jxZ4joRjNPiALSkPeE,2021-07-13,-15,10,-13,-24,-32,16
LK,Sri Lanka,,,,,,ChIJnR5a9jxZ4joRjNPiALSkPeE,2021-07-14,-13,9,-9,-24,-32,16
LK,Sri Lanka,,,,,,ChIJnR5a9jxZ4joRjNPiALSkPeE,2021-07-15,-13,8,-11,-25,-31,17
LK,Sri Lanka,,,,,,ChIJnR5a9jxZ4joRjNPiALSkPeE,2021-07-16,-13,15,-10,-25,-30,18
LK,Sri Lanka,,,,,,ChIJnR5a9jxZ4joRjNPiALSkPeE,2021-07-17,-15,7,-14,-26,-19,14
LK,Sri Lanka,,,,,,ChIJnR5a9jxZ4joRjNPiALSkPeE,2021-07-18,-18,3,-11,-28,-22,13
LK,Sri Lanka,,,,,,ChIJnR5a9jxZ4joRjNPiALSkPeE,2021-07-19,-10,12,-7,-24,-30,15
LK,Sri Lanka,,,,,,ChIJnR5a9jxZ4joRjNPiALSkPeE,2021-07-20,-8,19,-9,-19,-31,15
LK,Sri Lanka,,,,,,ChIJnR5a9jxZ4joRjNPiALSkPeE,2021-07-21,-17,7,-4,-28,-46,19
LK,Sri Lanka,,,,,,ChIJnR5a9jxZ4joRjNPiALSkPeE,2021-07-22,-6,22,-4,-18,-33,14
LK,Sri Lanka,,,,,,ChIJnR5a9jxZ4joRjNPiALSkPeE,2021-07-23,-34,-6,-7,-44,-72,29
LK,Sri Lanka,,,,,,ChIJnR5a9jxZ4joRjNPiALSkPeE,2021-07-24,-16,11,-14,-25,-23,14
LK,Sri Lanka,,,,,,ChIJnR5a9jxZ4joRjNPiALSkPeE,2021-07-25,-18,4,-10,-26,-22,13
LK,Sri Lanka,,,,,,ChIJnR5a9jxZ4joRjNPiALSkPeE,2021-07-26,-17,8,-12,-26,-32,17
LK,Sri Lanka,,,,,,ChIJnR5a9jxZ4joRjNPiALSkPeE,2021-07-27,-10,18,-10,-21,-30,15
LK,Sri Lanka,,,,,,ChIJnR5a9jxZ4joRjNPiALSkPeE,2021-07-28,-11,13,-6,-21,-30,16
LK,Sri Lanka,,,,,,ChIJnR5a9jxZ4joRjNPiALSkPeE,2021-07-29,-10,13,-8,-23,-29,17
LK,Sri Lanka,,,,,,ChIJnR5a9jxZ4joRjNPiALSkPeE,2021-07-30,-10,20,-7,-24,-28,18
LK,Sri Lanka,,,,,,ChIJnR5a9jxZ4joRjNPiALSkPeE,2021-07-31,-12,14,-11,-24,-15,13
LK,Sri Lanka,,,,,,ChIJnR5a9jxZ4joRjNPiALSkPeE,2021-08-01,-14,8,-3,-24,-21,12
LK,Sri Lanka,,,,,,ChIJnR5a9jxZ4joRjNPiALSkPeE,2021-08-02,-11,15,-1,-21,-29,16
LK,Sri Lanka,,,,,,ChIJnR5a9jxZ4joRjNPiALSkPeE,2021-08-03,-12,16,-8,-20,-30,16
LK,Sri Lanka,,,,,,ChIJnR5a9jxZ4joRjNPiALSkPeE,2021-08-04,-12,14,-6,-21,-31,16
LK,Sri Lanka,,,,,,ChIJnR5a9jxZ4joRjNPiALSkPeE,2021-08-05,-13,15,-9,-23,-30,18
LK,Sri Lanka,,,,,,ChIJnR5a9jxZ4joRjNPiALSkPeE,2021-08-06,-16,22,-10,-24,-30,20
LK,Sri Lanka,,,,,,ChIJnR5a9jxZ4joRjNPiALSkPeE,2021-08-07,-22,10,-13,-27,-22,17
LK,Sri Lanka,,,,,,ChIJnR5a9jxZ4joRjNPiALSkPeE,2021-08-08,-28,0,-17,-33,-26,18
LK,Sri Lanka,,,,,,ChIJnR5a9jxZ4joRjNPiALSkPeE,2021-08-09,-20,12,-8,-29,-35,21
LK,Sri Lanka,,,,,,ChIJnR5a9jxZ4joRjNPiALSkPeE,2021-08-10,-18,21,-10,-26,-37,20
LK,Sri Lanka,,,,,,ChIJnR5a9jxZ4joRjNPiALSkPeE,2021-08-11,-19,16,-9,-27,-38,22
LK,Sri Lanka,,,,,,ChIJnR5a9jxZ4joRjNPiALSkPeE,2021-08-12,-22,12,-15,-31,-39,23
LK,Sri Lanka,,,,,,ChIJnR5a9jxZ4joRjNPiALSkPeE,2021-08-13,-21,24,-14,-30,-38,25
LK,Sri Lanka,,,,,,ChIJnR5a9jxZ4joRjNPiALSkPeE,2021-08-14,-32,-3,-22,-37,-26,22
LK,Sri Lanka,,,,,,ChIJnR5a9jxZ4joRjNPiALSkPeE,2021-08-15,-35,-7,-22,-39,-27,21
LK,Sri Lanka,,,,,,ChIJnR5a9jxZ4joRjNPiALSkPeE,2021-08-16,-26,4,-15,-36,-40,26
LK,Sri Lanka,,,,,,ChIJnR5a9jxZ4joRjNPiALSkPeE,2021-08-17,-29,3,-20,-37,-43,26
LK,Sri Lanka,,,,,,ChIJnR5a9jxZ4joRjNPiALSkPeE,2021-08-18,-30,4,-18,-38,-42,26
LK,Sri Lanka,,,,,,ChIJnR5a9jxZ4joRjNPiALSkPeE,2021-08-19,-30,7,-21,-40,-42,27
LK,Sri Lanka,,,,,,ChIJnR5a9jxZ4joRjNPiALSkPeE,2021-08-20,-15,62,-9,-22,-42,24
LK,Sri Lanka,,,,,,ChIJnR5a9jxZ4joRjNPiALSkPeE,2021-08-21,-79,-71,-51,-75,-60,38
LK,Sri Lanka,,,,,,ChIJnR5a9jxZ4joRjNPiALSkPeE,2021-08-22,-77,-72,-50,-74,-57,34
LK,Sri Lanka,,,,,,ChIJnR5a9jxZ4joRjNPiALSkPeE,2021-08-23,-68,-55,-38,-70,-64,41
LK,Sri Lanka,,,,,,ChIJnR5a9jxZ4joRjNPiALSkPeE,2021-08-24,-66,-48,-40,-67,-64,38
LK,Sri Lanka,,,,,,ChIJnR5a9jxZ4joRjNPiALSkPeE,2021-08-25,-64,-44,-38,-66,-63,38
LK,Sri Lanka,,,,,,ChIJnR5a9jxZ4joRjNPiALSkPeE,2021-08-26,-64,-46,-40,-66,-63,39
LK,Sri Lanka,,,,,,ChIJnR5a9jxZ4joRjNPiALSkPeE,2021-08-27,-63,-40,-38,-65,-61,40
LK,Sri Lanka,,,,,,ChIJnR5a9jxZ4joRjNPiALSkPeE,2021-08-28,-66,-46,-43,-65,-50,33
LK,Sri Lanka,,,,,,ChIJnR5a9jxZ4joRjNPiALSkPeE,2021-08-29,-66,-51,-43,-66,-46,30
LK,Sri Lanka,,,,,,ChIJnR5a9jxZ4joRjNPiALSkPeE,2021-08-30,-56,-37,-32,-62,-57,35
LK,Sri Lanka,,,,,,ChIJnR5a9jxZ4joRjNPiALSkPeE,2021-08-31,-56,-36,-35,-61,-56,34
LK,Sri Lanka,,,,,,ChIJnR5a9jxZ4joRjNPiALSkPeE,2021-09-01,-56,-36,-33,-61,-57,34
LK,Sri Lanka,,,,,,ChIJnR5a9jxZ4joRjNPiALSkPeE,2021-09-02,-55,-35,-34,-62,-56,36
LK,Sri Lanka,,,,,,ChIJnR5a9jxZ4joRjNPiALSkPeE,2021-09-03,-54,-31,-34,-61,-55,37
LK,Sri Lanka,,,,,,ChIJnR5a9jxZ4joRjNPiALSkPeE,2021-09-04,-59,-40,-40,-62,-45,31
LK,Sri Lanka,,,,,,ChIJnR5a9jxZ4joRjNPiALSkPeE,2021-09-05,-59,-42,-39,-61,-42,28
LK,Sri Lanka,,,,,,ChIJnR5a9jxZ4joRjNPiALSkPeE,2021-09-06,-49,-27,-27,-58,-51,32
LK,Sri Lanka,,,,,,ChIJnR5a9jxZ4joRjNPiALSkPeE,2021-09-07,-50,-28,-29,-57,-52,31
LK,Sri Lanka,,,,,,ChIJnR5a9jxZ4joRjNPiALSkPeE,2021-09-08,-49,-28,-27,-57,-52,31
LK,Sri Lanka,,,,,,ChIJnR5a9jxZ4joRjNPiALSkPeE,2021-09-09,-48,-27,-28,-56,-51,32
LK,Sri Lanka,,,,,,ChIJnR5a9jxZ4joRjNPiALSkPeE,2021-09-10,-47,-19,-27,-55,-49,33
LK,Sri Lanka,,,,,,ChIJnR5a9jxZ4joRjNPiALSkPeE,2021-09-11,-51,-29,-32,-55,-40,27
LK,Sri Lanka,,,,,,ChIJnR5a9jxZ4joRjNPiALSkPeE,2021-09-12,-53,-34,-32,-57,-38,25
